0.767986, 0.894554, 17.4889
1.34093, 0.887247, 17.371
1.91545, 0.887188, 17.37
2.48688, 0.88724, 17.3709
3.05798, 0.88722, 17.3705
3.62934, 0.887222, 17.3706
4.2005, 0.887299, 17.3718
4.77179, 0.887331, 17.3723
5.34223, 0.887301, 17.3718
5.91339, 0.887341, 17.3725
6.48463, 0.88737, 17.373
7.0558, 0.887398, 17.3734
7.62728, 0.887414, 17.3737
8.19853, 0.88745, 17.3743
8.76969, 0.88758, 17.3763
9.34094, 0.887535, 17.3756
9.91994, 0.887542, 17.3757
10.5095, 0.88765, 17.3775
11.0807, 0.88765, 17.3775
11.6695, 0.887705, 17.3784
12.2408, 0.887667, 17.3778
12.8195, 0.887801, 17.3799
13.3995, 0.887838, 17.3805
13.9707, 0.887958, 17.3825
14.5419, 0.887962, 17.3825
15.1198, 0.888019, 17.3834
15.691, 0.888119, 17.385
16.2698, 0.888253, 17.3872
16.8416, 0.888232, 17.3869
17.42, 0.888277, 17.3876
17.9999, 0.888392, 17.3895
18.5711, 0.888461, 17.3906
19.1499, 0.88852, 17.3915
19.7217, 0.888558, 17.3921
20.3025, 0.888698, 17.3944
20.8737, 0.888914, 17.3979
21.4495, 0.888916, 17.3979
22.0207, 0.889051, 17.4001
22.5998, 0.889195, 17.4024
23.178, 0.889336, 17.4047
23.7495, 0.889617, 17.4092
24.3208, 0.889698, 17.4105
24.8996, 0.889831, 17.4127
25.4709, 0.890046, 17.4162
26.0501, 0.890072, 17.4166
26.6214, 0.890416, 17.4221
27.1998, 0.890562, 17.4245
27.7795, 0.890798, 17.4283
28.3509, 0.890971, 17.4311
28.9299, 0.891097, 17.4331
29.5012, 0.89134, 17.437
30.0798, 0.891526, 17.44
30.651, 0.891652, 17.4421
31.23, 0.891919, 17.4464
31.8099, 0.892118, 17.4496
32.3896, 0.892336, 17.4531
32.9613, 0.892567, 17.4568
33.5401, 0.892808, 17.4607
34.1116, 0.893026, 17.4643
34.6898, 0.893165, 17.4665
35.2611, 0.893455, 17.4712
35.8398, 0.8937, 17.4751
36.412, 0.893879, 17.478
36.9899, 0.894142, 17.4823
37.5617, 0.894424, 17.4868
38.133, 0.894685, 17.491
38.7095, 0.894871, 17.494
39.2808, 0.895117, 17.498
39.8596, 0.895383, 17.5023
40.4324, 0.89561, 17.506
41.0168, 0.895833, 17.5096
41.5895, 0.896114, 17.5141
42.1609, 0.896394, 17.5186
42.7426, 0.896642, 17.5226
43.3139, 0.896882, 17.5265
43.8896, 0.897198, 17.5316
44.4608, 0.897542, 17.5372
45.032, 0.897747, 17.5405
45.6099, 0.898052, 17.5454
46.1811, 0.899245, 17.5646
46.7684, 0.898668, 17.5553
47.3517, 0.899002, 17.5607
47.9299, 0.899344, 17.5662
48.5095, 0.899702, 17.572
49.0808, 0.900098, 17.5784
49.6521, 0.900378, 17.5829
50.2298, 0.900864, 17.5908
50.8011, 0.901219, 17.5965
51.3799, 0.901584, 17.6024
51.9601, 0.901983, 17.6088
52.5319, 0.902271, 17.6135
53.1101, 0.902677, 17.62
53.6813, 0.903155, 17.6278
54.2599, 0.90354, 17.634
54.8311, 0.903954, 17.6406
55.4099, 0.904411, 17.648
55.9817, 0.904897, 17.6559
56.5599, 0.905332, 17.6629
57.1399, 0.905814, 17.6707
57.7112, 0.906173, 17.6765
58.29, 0.906636, 17.6839
58.8613, 0.90717, 17.6926
59.44, 0.907636, 17.7001
60.0155, 0.908067, 17.707
60.5899, 0.908498, 17.714
61.1611, 0.908987, 17.7219
61.7398, 0.90955, 17.731
62.311, 0.909909, 17.7368
62.89, 0.910452, 17.7455
63.4614, 0.911896, 17.7688
64.0401, 0.911546, 17.7632
64.6114, 0.911999, 17.7705
65.1963, 0.912534, 17.7791
65.7695, 0.913037, 17.7873
66.3408, 0.913601, 17.7964
66.9195, 0.914191, 17.8059
67.4907, 0.914679, 17.8138
68.062, 0.915146, 17.8213
68.6399, 0.915705, 17.8303
69.2111, 0.916149, 17.8375
69.7898, 0.916783, 17.8477
70.361, 0.91732, 17.8564
70.9399, 0.91789, 17.8656
71.5112, 0.918385, 17.8736
72.0899, 0.918949, 17.8827
72.6613, 0.919561, 17.8926
73.2324, 0.920073, 17.9008
73.8036, 0.920704, 17.911
74.3797, 0.921253, 17.9199
74.9511, 0.921781, 17.9284
75.53, 0.922322, 17.9371
76.1013, 0.922981, 17.9478
76.6799, 0.92362, 17.9581
77.2511, 0.92409, 17.9657
77.8224, 0.924801, 17.9772
78.3937, 0.925376, 17.9864
78.9695, 0.926031, 17.997
79.5408, 0.926738, 18.0084
80.1121, 0.927293, 18.0174
80.69, 0.927988, 18.0286
81.2613, 0.928707, 18.0402
81.8398, 0.929456, 18.0523
82.411, 0.930113, 18.0629
82.9898, 0.930789, 18.0738
83.5615, 0.931488, 18.0851
84.1327, 0.93216, 18.0959
84.7042, 0.932805, 18.1063
85.2795, 0.933545, 18.1183
85.8508, 0.934202, 18.1289
86.4295, 0.934925, 18.1406
87.0009, 0.93564, 18.1521
87.5721, 0.936265, 18.1622
88.1499, 0.937053, 18.1749
88.7213, 0.937765, 18.1864
89.2999, 0.938476, 18.1979
89.8713, 0.939097, 18.2079
90.4498, 0.939778, 18.2189
91.0301, 0.940428, 18.2294
91.6015, 0.941101, 18.2403
92.18, 0.941858, 18.2525
92.7513, 0.942425, 18.2616
93.3299, 0.943111, 18.2727
93.9025, 0.943733, 18.2827
94.4739, 0.944456, 18.2944
95.0499, 0.945146, 18.3056
95.6212, 0.94581, 18.3163
96.1999, 0.94656, 18.3284
96.7712, 0.947252, 18.3395
97.3498, 0.947912, 18.3502
97.921, 0.948643, 18.362
98.4984, 0.949419, 18.3745
99.0699, 0.949963, 18.3833
99.6412, 0.950681, 18.3949
100.22, 0.951379, 18.4062
100.791, 0.952085, 18.4176
101.376, 0.952743, 18.4282
101.955, 0.953484, 18.4401
102.557, 0.954232, 18.4522
103.136, 0.955122, 18.4666
103.72, 0.955731, 18.4764
104.291, 0.956413, 18.4874
104.89, 0.957189, 18.4999
105.498, 0.958006, 18.5131
106.07, 0.958619, 18.523
106.643, 0.959408, 18.5358
107.288, 0.960282, 18.5499
107.888, 0.961089, 18.5629
108.475, 0.961658, 18.5721
109.06, 0.962589, 18.5871
109.631, 0.963301, 18.5986
110.227, 0.964028, 18.6103
110.835, 0.964891, 18.6243
111.419, 0.965649, 18.6365
112.001, 0.966499, 18.6502
112.58, 0.967291, 18.663
113.177, 0.96808, 18.6757
113.764, 0.968845, 18.6881
114.346, 0.969663, 18.7013
114.917, 0.970433, 18.7137
115.492, 0.971235, 18.7267
116.07, 0.972099, 18.7406
116.649, 0.972949, 18.7543
117.229, 0.973773, 18.7676
117.81, 0.974632, 18.7815
118.392, 0.975458, 18.7948
118.97, 0.976331, 18.8089
119.552, 0.977146, 18.8221
120.13, 0.97799, 18.8357
120.71, 0.978939, 18.851
121.293, 0.979715, 18.8635
121.87, 0.98058, 18.8775
122.46, 0.981516, 18.8926
123.039, 0.982337, 18.9059
123.619, 0.983162, 18.9192
124.199, 0.984151, 18.9352
124.78, 0.985011, 18.949
125.36, 0.985832, 18.9623
125.939, 0.986623, 18.9751
126.52, 0.987464, 18.9886
127.099, 0.988244, 19.0012
127.68, 0.989128, 19.0155
128.259, 0.989917, 19.0282
128.84, 0.99077, 19.042
129.42, 0.991543, 19.0545
130, 0.992404, 19.0684
130.579, 0.993252, 19.0821
131.16, 0.994129, 19.0962
131.74, 0.994929, 19.1091
132.312, 0.995677, 19.1212
132.89, 0.996484, 19.1342
133.469, 0.99736, 19.1484
134.05, 0.99821, 19.1621
134.63, 0.999008, 19.175
135.21, 0.999777, 19.1874
135.796, 1.0006, 19.2007
136.369, 1.00136, 19.2129
136.949, 1.00216, 19.2258
137.529, 1.00293, 19.2382
138.11, 1.00373, 19.2511
138.69, 1.00454, 19.2643
139.269, 1.00525, 19.2757
139.85, 1.00602, 19.2882
140.432, 1.00675, 19.3
141.01, 1.0075, 19.3121
141.589, 1.00837, 19.3261
142.17, 1.00915, 19.3387
142.75, 1.00994, 19.3514
143.33, 1.01074, 19.3643
143.91, 1.01159, 19.378
144.489, 1.01242, 19.3915
145.069, 1.01323, 19.4045
145.65, 1.01406, 19.418
146.229, 1.01487, 19.431
146.809, 1.01573, 19.4449
147.39, 1.0165, 19.4573
147.963, 1.01732, 19.4705
148.54, 1.01817, 19.4843
149.123, 1.01891, 19.4962
149.7, 1.01977, 19.5101
150.28, 1.02053, 19.5224
150.853, 1.0214, 19.5365
151.424, 1.02222, 19.5497
152, 1.02293, 19.5611
152.579, 1.02377, 19.5746
153.16, 1.02454, 19.5871
153.74, 1.02538, 19.6006
154.32, 1.02622, 19.6142
154.9, 1.02697, 19.6263
155.471, 1.02778, 19.6394
156.049, 1.02858, 19.6523
156.633, 1.02935, 19.6647
157.21, 1.03013, 19.6774
157.79, 1.03097, 19.6908
158.369, 1.03175, 19.7035
158.949, 1.03251, 19.7158
159.53, 1.03336, 19.7295
160.11, 1.03417, 19.7425
160.689, 1.03504, 19.7565
161.273, 1.03586, 19.7699
161.85, 1.03663, 19.7822
162.43, 1.03746, 19.7957
163.01, 1.03825, 19.8084
163.6, 1.03906, 19.8214
164.18, 1.03993, 19.8356
164.76, 1.04076, 19.8489
165.34, 1.04163, 19.8629
165.92, 1.04242, 19.8757
166.492, 1.04333, 19.8905
167.07, 1.04418, 19.9041
167.65, 1.04503, 19.9179
168.232, 1.04599, 19.9333
168.809, 1.04685, 19.9471
169.382, 1.04758, 19.959
169.96, 1.04846, 19.9732
170.549, 1.04938, 19.988
171.13, 1.05027, 20.0025
171.71, 1.05103, 20.0147
172.281, 1.05181, 20.0272
172.86, 1.05268, 20.0414
173.439, 1.05354, 20.0552
174.02, 1.05439, 20.0689
174.599, 1.0553, 20.0836
175.17, 1.05614, 20.0972
175.75, 1.05703, 20.1115
176.33, 1.05795, 20.1264
176.91, 1.05875, 20.1393
177.49, 1.0596, 20.153
178.069, 1.06043, 20.1665
178.65, 1.06129, 20.1803
179.23, 1.06215, 20.1941
179.814, 1.06288, 20.2059
180.39, 1.06374, 20.2198
180.97, 1.06455, 20.233
181.55, 1.06532, 20.2453
182.13, 1.06609, 20.2577
182.709, 1.06697, 20.272
183.281, 1.06779, 20.2852
183.86, 1.06861, 20.2984
184.439, 1.0694, 20.3112
185.02, 1.0702, 20.3242
185.6, 1.07103, 20.3375
186.18, 1.07186, 20.3509
186.76, 1.07266, 20.3638
187.34, 1.07355, 20.3782
187.913, 1.07447, 20.3931
188.492, 1.07528, 20.4061
189.07, 1.07602, 20.4181
189.65, 1.07691, 20.4325
190.229, 1.07775, 20.4459
190.81, 1.07868, 20.4609
191.389, 1.07946, 20.4736
191.97, 1.08038, 20.4884
192.55, 1.08118, 20.5013
193.13, 1.08204, 20.5153
193.71, 1.08293, 20.5296
194.281, 1.08379, 20.5435
194.86, 1.08467, 20.5576
195.44, 1.08553, 20.5716
196.022, 1.08644, 20.5863
196.6, 1.08736, 20.6012
197.18, 1.08823, 20.6151
197.759, 1.08916, 20.6302
198.34, 1.09011, 20.6455
198.919, 1.0911, 20.6614
199.5, 1.09216, 20.6786
200.08, 1.09328, 20.6966
200.66, 1.09422, 20.7119
201.24, 1.09522, 20.728
201.822, 1.09719, 20.7598
202.4, 1.09735, 20.7623
202.979, 1.09825, 20.7768
203.553, 1.09922, 20.7926
204.13, 1.10012, 20.8071
204.713, 1.10105, 20.822
205.29, 1.10203, 20.8379
205.87, 1.10284, 20.851
206.442, 1.10374, 20.8654
207.02, 1.10467, 20.8805
207.6, 1.10556, 20.895
208.18, 1.10642, 20.9088
208.76, 1.10726, 20.9224
209.34, 1.10819, 20.9374
209.92, 1.10903, 20.9509
210.499, 1.10988, 20.9646
211.072, 1.11072, 20.9782
211.649, 1.11159, 20.9922
212.233, 1.11243, 21.0057
212.81, 1.11327, 21.0193
213.389, 1.11421, 21.0344
213.969, 1.11509, 21.0488
214.55, 1.11604, 21.0641
215.13, 1.11693, 21.0783
215.709, 1.11774, 21.0914
216.29, 1.11863, 21.1058
216.874, 1.11957, 21.121
217.45, 1.12035, 21.1336
218.029, 1.12124, 21.148
218.609, 1.12211, 21.162
219.189, 1.1231, 21.178
219.77, 1.12399, 21.1924
220.349, 1.12488, 21.2067
220.929, 1.12573, 21.2204
221.512, 1.12664, 21.2351
222.089, 1.12756, 21.2499
222.67, 1.12845, 21.2643
223.243, 1.12941, 21.2798
223.82, 1.13021, 21.2928
224.4, 1.13111, 21.3074
224.972, 1.13199, 21.3216
225.55, 1.13293, 21.3366
226.142, 1.13391, 21.3525
226.72, 1.13478, 21.3665
227.3, 1.13569, 21.3813
227.88, 1.13663, 21.3964
228.47, 1.13758, 21.4118
229.05, 1.13861, 21.4284
229.63, 1.13959, 21.4441
230.209, 1.14054, 21.4595
230.78, 1.14143, 21.4739
231.36, 1.14236, 21.4888
231.94, 1.1432, 21.5024
232.52, 1.14405, 21.5161
233.1, 1.14495, 21.5306
233.679, 1.14578, 21.5441
234.251, 1.14657, 21.5569
234.83, 1.1475, 21.5718
235.41, 1.14832, 21.5851
235.99, 1.14917, 21.5988
236.573, 1.14993, 21.611
237.149, 1.15077, 21.6246
237.73, 1.15158, 21.6376
238.31, 1.15245, 21.6517
238.89, 1.15326, 21.6648
239.469, 1.15403, 21.6772
240.055, 1.15485, 21.6904
240.627, 1.15568, 21.7039
241.21, 1.15656, 21.7182
241.789, 1.15741, 21.7318
242.369, 1.15824, 21.7452
242.95, 1.15913, 21.7596
243.533, 1.15993, 21.7725
244.11, 1.16072, 21.7853
244.689, 1.1616, 21.7994
245.27, 1.16238, 21.812
245.85, 1.16314, 21.8242
246.43, 1.16397, 21.8377
247.009, 1.16482, 21.8514
247.59, 1.16568, 21.8653
248.171, 1.16664, 21.8807
248.749, 1.16752, 21.895
249.329, 1.16835, 21.9085
249.91, 1.16925, 21.9228
250.49, 1.17015, 21.9374
251.07, 1.17103, 21.9517
251.66, 1.17197, 21.9668
252.239, 1.17282, 21.9806
252.82, 1.17363, 21.9936
253.4, 1.17447, 22.0072
253.98, 1.1753, 22.0206
254.56, 1.17622, 22.0354
255.139, 1.17711, 22.0498
255.72, 1.17796, 22.0635
256.299, 1.17883, 22.0776
256.88, 1.17974, 22.0923
257.46, 1.1806, 22.1062
258.039, 1.18144, 22.1198
258.619, 1.18219, 22.1317
259.21, 1.18301, 22.145
259.793, 1.18381, 22.1579
260.37, 1.18467, 22.1718
260.95, 1.1855, 22.1853
261.53, 1.18633, 22.1986
262.112, 1.18711, 22.2111
262.69, 1.18792, 22.2243
263.27, 1.1888, 22.2386
263.849, 1.18956, 22.2508
264.43, 1.1904, 22.2643
265.01, 1.19118, 22.2769
265.59, 1.19196, 22.2894
266.169, 1.19277, 22.3026
266.75, 1.19358, 22.3156
267.329, 1.1944, 22.3289
267.91, 1.19524, 22.3424
268.49, 1.19606, 22.3557
269.069, 1.1969, 22.3693
269.652, 1.1978, 22.3838
270.229, 1.19864, 22.3973
270.81, 1.19946, 22.4105
271.389, 1.20035, 22.4248
271.97, 1.20124, 22.4392
272.55, 1.20211, 22.4534
273.129, 1.20295, 22.4669
273.71, 1.20382, 22.4809
274.29, 1.20469, 22.495
274.87, 1.20556, 22.5091
275.453, 1.20643, 22.523
276.03, 1.20734, 22.5377
276.609, 1.20825, 22.5524
277.182, 1.20908, 22.5659
277.759, 1.21003, 22.5811
278.343, 1.21097, 22.5963
278.92, 1.21186, 22.6107
279.499, 1.21278, 22.6256
280.08, 1.2137, 22.6403
280.653, 1.21464, 22.6556
281.23, 1.21554, 22.6701
281.809, 1.21653, 22.6862
282.39, 1.21748, 22.7015
282.97, 1.2184, 22.7162
283.55, 1.21933, 22.7313
284.13, 1.22021, 22.7454
284.72, 1.22118, 22.7612
285.3, 1.2221, 22.776
285.88, 1.22307, 22.7917
286.46, 1.22399, 22.8065
287.031, 1.22492, 22.8215
287.609, 1.22587, 22.8369
288.19, 1.22681, 22.8521
288.77, 1.22767, 22.8659
289.35, 1.22853, 22.8798
289.93, 1.22941, 22.894
290.51, 1.23028, 22.908
291.09, 1.23111, 22.9215
291.669, 1.23189, 22.9341
292.25, 1.23271, 22.9473
292.829, 1.23354, 22.9606
293.409, 1.23434, 22.9736
293.99, 1.23506, 22.9852
294.57, 1.23595, 22.9996
295.15, 1.23671, 23.0119
295.73, 1.23747, 23.0241
296.31, 1.2383, 23.0375
296.89, 1.23902, 23.0491
297.47, 1.23988, 23.063
298.05, 1.24079, 23.0777
298.63, 1.24159, 23.0906
299.202, 1.24239, 23.1035
299.79, 1.24334, 23.1188
300.369, 1.24426, 23.1337
300.95, 1.24505, 23.1464
301.53, 1.2459, 23.1601
302.109, 1.24677, 23.1742
302.692, 1.24759, 23.1875
303.27, 1.24833, 23.1994
303.85, 1.24915, 23.2126
304.43, 1.24995, 23.2255
305.01, 1.25068, 23.2374
305.59, 1.25147, 23.25
306.169, 1.2522, 23.2618
306.75, 1.25303, 23.2752
307.329, 1.25373, 23.2865
307.909, 1.25457, 23.3
308.49, 1.25538, 23.3131
309.07, 1.25615, 23.3256
309.65, 1.25695, 23.3385
310.233, 1.25779, 23.352
310.81, 1.25854, 23.3643
311.39, 1.25938, 23.3778
311.97, 1.26022, 23.3914
312.55, 1.26102, 23.4042
313.13, 1.26189, 23.4183
313.71, 1.26271, 23.4315
314.292, 1.26356, 23.4452
314.87, 1.26433, 23.4576
315.449, 1.26519, 23.4716
316.03, 1.26607, 23.4857
316.609, 1.26691, 23.4993
317.189, 1.26778, 23.5134
317.762, 1.26867, 23.5278
318.34, 1.2695, 23.5412
318.923, 1.27036, 23.555
319.5, 1.27126, 23.5694
320.079, 1.27207, 23.5826
320.659, 1.27299, 23.5975
321.24, 1.27383, 23.611
321.819, 1.27477, 23.6261
322.399, 1.27566, 23.6405
322.979, 1.27655, 23.6549
323.563, 1.27735, 23.6678
324.14, 1.27821, 23.6816
324.72, 1.27919, 23.6975
325.3, 1.28009, 23.712
325.88, 1.28094, 23.7258
326.46, 1.28179, 23.7396
327.04, 1.28265, 23.7533
327.62, 1.28353, 23.7676
328.202, 1.28435, 23.7807
328.779, 1.28523, 23.795
329.36, 1.28605, 23.8083
329.939, 1.2869, 23.822
330.52, 1.28778, 23.8361
331.1, 1.28863, 23.8499
331.68, 1.28946, 23.8632
332.26, 1.29029, 23.8767
332.839, 1.29106, 23.8891
333.42, 1.29183, 23.9015
334, 1.29259, 23.9139
334.58, 1.2933, 23.9252
335.159, 1.29408, 23.9379
335.74, 1.29485, 23.9502
336.312, 1.29568, 23.9637
336.891, 1.29645, 23.9761
337.469, 1.29727, 23.9894
338.049, 1.29804, 24.0018
338.63, 1.29892, 24.016
339.209, 1.29977, 24.0297
339.784, 1.30064, 24.0438
340.36, 1.30153, 24.0581
340.939, 1.30248, 24.0734
341.521, 1.30341, 24.0884
342.1, 1.30434, 24.1035
342.68, 1.30521, 24.1175
343.262, 1.30626, 24.1344
343.84, 1.3071, 24.1481
344.42, 1.30798, 24.1622
345, 1.30879, 24.1753
345.579, 1.30972, 24.1903
346.161, 1.3106, 24.2045
346.739, 1.31148, 24.2187
347.319, 1.3123, 24.2319
347.9, 1.31308, 24.2446
348.481, 1.31397, 24.259
349.06, 1.3147, 24.2707
349.64, 1.31552, 24.284
350.22, 1.31619, 24.2948
350.802, 1.31695, 24.3071
351.38, 1.31769, 24.319
351.96, 1.31847, 24.3316
352.54, 1.3192, 24.3433
353.119, 1.31994, 24.3553
353.699, 1.32067, 24.3671
354.28, 1.32144, 24.3796
354.853, 1.32224, 24.3924
355.432, 1.32302, 24.4051
356.01, 1.32384, 24.4183
356.59, 1.32457, 24.43
357.163, 1.32524, 24.4408
357.74, 1.32599, 24.453
358.323, 1.32673, 24.4648
358.9, 1.32748, 24.477
359.479, 1.32827, 24.4897
360.06, 1.32898, 24.5013
360.639, 1.32968, 24.5125
361.219, 1.33043, 24.5247
361.8, 1.33119, 24.5368
362.379, 1.33194, 24.5489
362.96, 1.33264, 24.5603
363.541, 1.33339, 24.5724
364.12, 1.3341, 24.5839
364.699, 1.33491, 24.5969
365.28, 1.33563, 24.6085
365.853, 1.33637, 24.6205
366.429, 1.33716, 24.6332
367.013, 1.33796, 24.6461
367.59, 1.3387, 24.6582
368.17, 1.33948, 24.6707
368.75, 1.34033, 24.6845
369.33, 1.34114, 24.6975
369.909, 1.34197, 24.7108
370.49, 1.34274, 24.7233
371.069, 1.34361, 24.7374
371.653, 1.34453, 24.7522
372.23, 1.3455, 24.7679
372.81, 1.34633, 24.7812
373.402, 1.34712, 24.7941
373.98, 1.34818, 24.8111
374.56, 1.34886, 24.8221
375.139, 1.34971, 24.8359
375.719, 1.35056, 24.8496
376.299, 1.35143, 24.8636
376.879, 1.35234, 24.8783
377.462, 1.35324, 24.8927
378.04, 1.35409, 24.9065
378.62, 1.35492, 24.9199
379.2, 1.35575, 24.9332
379.779, 1.35658, 24.9468
380.366, 1.35743, 24.9605
380.949, 1.35824, 24.9734
381.53, 1.3591, 24.9874
382.11, 1.36004, 25.0025
382.689, 1.361, 25.018
383.261, 1.36183, 25.0314
383.839, 1.36272, 25.0457
384.42, 1.36365, 25.0609
385, 1.36461, 25.0764
385.58, 1.36553, 25.0912
386.16, 1.36644, 25.1059
386.742, 1.36732, 25.1201
387.32, 1.36823, 25.1348
387.9, 1.36916, 25.1497
388.47, 1.37003, 25.1638
389.049, 1.37089, 25.1777
389.63, 1.37177, 25.1919
390.21, 1.37262, 25.2056
390.789, 1.37346, 25.2192
391.372, 1.37442, 25.2347
391.953, 1.37531, 25.2491
392.531, 1.37619, 25.2632
393.11, 1.37706, 25.2772
393.69, 1.37795, 25.2916
394.269, 1.3788, 25.3054
394.849, 1.3797, 25.32
395.43, 1.38056, 25.3338
396.009, 1.3814, 25.3473
396.589, 1.38216, 25.3597
397.169, 1.38296, 25.3726
397.75, 1.38379, 25.3858
398.33, 1.38451, 25.3976
398.923, 1.38539, 25.4118
399.501, 1.38613, 25.4237
400.08, 1.38688, 25.4357
400.659, 1.38766, 25.4483
401.24, 1.38844, 25.4609
401.82, 1.38922, 25.4736
402.4, 1.39004, 25.4867
402.98, 1.39079, 25.4989
403.558, 1.39167, 25.5131
404.13, 1.39241, 25.525
404.71, 1.3932, 25.5378
405.281, 1.39402, 25.5511
405.859, 1.39477, 25.5631
406.452, 1.39559, 25.5765
407.03, 1.3963, 25.5879
407.61, 1.3971, 25.6008
408.19, 1.39791, 25.6139
408.77, 1.39868, 25.6263
409.349, 1.39958, 25.6408
409.929, 1.40034, 25.6531
410.508, 1.40115, 25.6661
411.089, 1.40205, 25.6807
411.669, 1.40278, 25.6924
412.25, 1.40364, 25.7064
412.829, 1.40443, 25.7191
413.41, 1.40521, 25.7316
413.99, 1.40589, 25.7426
414.57, 1.40668, 25.7554
415.15, 1.40733, 25.7659
415.73, 1.40813, 25.7789
416.31, 1.40895, 25.7921
416.892, 1.40964, 25.8031
417.47, 1.41032, 25.8142
418.049, 1.4111, 25.8267
418.629, 1.4118, 25.838
419.21, 1.41259, 25.8509
419.789, 1.41334, 25.8629
420.369, 1.4141, 25.8751
420.95, 1.41475, 25.8856
421.529, 1.41531, 25.8947
422.109, 1.41604, 25.9065
422.69, 1.41654, 25.9145
423.27, 1.41724, 25.9259
423.849, 1.41795, 25.9373
424.432, 1.41856, 25.9472
425.009, 1.41921, 25.9576
425.59, 1.41982, 25.9675
426.169, 1.42053, 25.979
426.75, 1.42112, 25.9885
427.321, 1.42187, 26.0006
427.9, 1.42263, 26.0129
428.48, 1.42341, 26.0255
429.053, 1.42413, 26.0371
429.63, 1.42487, 26.049
430.21, 1.42561, 26.0609
430.793, 1.42647, 26.0749
431.37, 1.42721, 26.0867
431.949, 1.42806, 26.1004
432.529, 1.42877, 26.112
433.109, 1.42962, 26.1256
433.69, 1.43039, 26.1381
434.27, 1.43125, 26.1521
434.85, 1.4321, 26.1657
435.43, 1.43294, 26.1793
436.01, 1.43375, 26.1924
436.59, 1.43453, 26.2049
437.17, 1.43533, 26.2178
437.75, 1.43607, 26.2298
438.329, 1.43676, 26.2409
438.901, 1.43752, 26.2532
439.479, 1.43825, 26.265
440.06, 1.43897, 26.2766
440.639, 1.43973, 26.2888
441.219, 1.44046, 26.3007
441.799, 1.44116, 26.3119
442.38, 1.44184, 26.323
442.96, 1.44254, 26.3342
443.542, 1.44331, 26.3467
444.12, 1.44405, 26.3587
444.7, 1.44482, 26.371
445.28, 1.44547, 26.3815
445.859, 1.44624, 26.3939
446.439, 1.44698, 26.4059
447.012, 1.44772, 26.4179
447.592, 1.44839, 26.4287
448.173, 1.44922, 26.442
448.75, 1.44994, 26.4537
449.329, 1.45056, 26.4637
449.901, 1.45134, 26.4763
450.481, 1.45203, 26.4875
451.06, 1.45285, 26.5007
451.639, 1.45363, 26.5132
452.22, 1.45441, 26.5258
452.799, 1.45523, 26.5391
453.379, 1.45602, 26.5518
453.959, 1.45685, 26.5653
454.531, 1.45768, 26.5787
455.109, 1.45857, 26.593
455.693, 1.45936, 26.6057
456.27, 1.46019, 26.6191
456.853, 1.46111, 26.634
457.43, 1.46176, 26.6445
458.009, 1.46259, 26.6579
458.59, 1.4633, 26.6694
459.169, 1.46407, 26.6818
459.75, 1.4648, 26.6935
460.334, 1.46553, 26.7052
460.91, 1.46625, 26.7169
461.49, 1.467, 26.729
462.08, 1.46775, 26.7411
462.659, 1.46854, 26.7539
463.24, 1.46927, 26.7657
463.82, 1.46997, 26.777
464.4, 1.47079, 26.7901
464.979, 1.47152, 26.8021
465.56, 1.47225, 26.8139
466.133, 1.47297, 26.8255
466.71, 1.47377, 26.8384
467.281, 1.4746, 26.8517
467.859, 1.47545, 26.8655
468.441, 1.47618, 26.8772
469.019, 1.47696, 26.8898
469.612, 1.47776, 26.9027
470.191, 1.47852, 26.915
470.77, 1.47922, 26.9263
471.349, 1.48003, 26.9393
471.93, 1.48076, 26.9512
472.512, 1.4815, 26.9631
473.09, 1.48222, 26.9748
473.671, 1.483, 26.9873
474.25, 1.48373, 26.9992
474.83, 1.48439, 27.0098
475.41, 1.48515, 27.0221
475.99, 1.48572, 27.0313
476.57, 1.48646, 27.0432
477.149, 1.48713, 27.0539
477.729, 1.48778, 27.0646
478.31, 1.48841, 27.0747
478.889, 1.48915, 27.0865
479.47, 1.48976, 27.0965
480.055, 1.4905, 27.1083
480.63, 1.49122, 27.12
481.21, 1.49192, 27.1313
481.789, 1.49271, 27.144
482.37, 1.49344, 27.1558
482.949, 1.49418, 27.1678
483.53, 1.49486, 27.1787
484.109, 1.49566, 27.1916
484.682, 1.49651, 27.2055
485.26, 1.4972, 27.2165
485.84, 1.49794, 27.2284
486.42, 1.49879, 27.2422
487, 1.49954, 27.2543
487.583, 1.50027, 27.2661
488.159, 1.50099, 27.2776
488.74, 1.50169, 27.289
489.319, 1.50239, 27.3003
489.9, 1.50305, 27.311
490.48, 1.50375, 27.3223
491.06, 1.50446, 27.3337
491.639, 1.50518, 27.3453
492.22, 1.50591, 27.3571
492.799, 1.50653, 27.3671
493.38, 1.50719, 27.3778
493.96, 1.50787, 27.3888
494.539, 1.50848, 27.3987
495.113, 1.50916, 27.4095
495.69, 1.50983, 27.4203
496.273, 1.5105, 27.4313
496.85, 1.51115, 27.4417
497.433, 1.51183, 27.4526
498.01, 1.51249, 27.4634
498.589, 1.51325, 27.4756
499.169, 1.51392, 27.4865
499.749, 1.51459, 27.4972
500.329, 1.51521, 27.5073
500.913, 1.51591, 27.5185
501.49, 1.51652, 27.5283
502.07, 1.51707, 27.5373
502.65, 1.51772, 27.5478
503.223, 1.5183, 27.5571
503.8, 1.51896, 27.5678
504.38, 1.51966, 27.579
504.96, 1.52033, 27.5899
505.539, 1.52111, 27.6024
506.12, 1.52182, 27.6139
506.7, 1.5226, 27.6265
507.279, 1.52343, 27.64
507.859, 1.52428, 27.6537
508.441, 1.52502, 27.6656
509.02, 1.52582, 27.6784
509.599, 1.52667, 27.6922
510.19, 1.52749, 27.7055
510.77, 1.52825, 27.7177
511.35, 1.52907, 27.731
511.93, 1.52975, 27.7419
512.51, 1.53039, 27.7523
513.093, 1.53116, 27.7646
513.67, 1.53187, 27.7762
514.25, 1.53252, 27.7867
514.829, 1.53321, 27.7977
515.41, 1.53379, 27.8072
515.99, 1.53454, 27.8192
516.57, 1.53507, 27.8278
517.15, 1.5357, 27.838
517.729, 1.53625, 27.8468
518.31, 1.53689, 27.8572
518.89, 1.53744, 27.866
519.469, 1.53808, 27.8764
520.049, 1.53864, 27.8853
520.633, 1.53932, 27.8963
521.21, 1.53997, 27.9069
521.789, 1.54058, 27.9167
522.37, 1.5412, 27.9268
522.95, 1.54183, 27.9369
523.53, 1.54241, 27.9463
524.109, 1.54312, 27.9577
524.69, 1.54382, 27.969
525.27, 1.54448, 27.9797
525.849, 1.54506, 27.9891
526.43, 1.54575, 28.0002
527.009, 1.54635, 28.0098
527.59, 1.54698, 28.02
528.164, 1.54755, 28.0293
528.74, 1.54812, 28.0384
529.325, 1.54877, 28.0489
529.897, 1.54933, 28.058
530.472, 1.54989, 28.0671
531.05, 1.5504, 28.0752
531.63, 1.55099, 28.0848
532.21, 1.55155, 28.0938
532.789, 1.55212, 28.1031
533.37, 1.55273, 28.1129
533.949, 1.55331, 28.1222
534.53, 1.55394, 28.1324
535.109, 1.55451, 28.1416
535.681, 1.55509, 28.151
536.259, 1.55565, 28.16
536.843, 1.55623, 28.1694
537.419, 1.5568, 28.1786
538, 1.55737, 28.1877
538.58, 1.558, 28.198
539.159, 1.55857, 28.2072
539.747, 1.55913, 28.2161
540.323, 1.55955, 28.2229
540.9, 1.56018, 28.2332
541.48, 1.56068, 28.2411
542.06, 1.56135, 28.252
542.639, 1.56181, 28.2595
543.213, 1.56232, 28.2677
543.79, 1.56287, 28.2765
544.373, 1.56338, 28.2848
544.95, 1.56391, 28.2934
545.53, 1.56449, 28.3026
546.109, 1.5649, 28.3093
546.69, 1.56541, 28.3175
547.27, 1.56593, 28.3259
547.842, 1.56639, 28.3333
548.42, 1.56695, 28.3423
549, 1.56743, 28.3502
549.58, 1.56799, 28.3592
550.16, 1.56855, 28.3683
550.732, 1.56907, 28.3766
551.31, 1.56965, 28.3859
551.893, 1.57019, 28.3946
552.47, 1.57082, 28.4049
553.049, 1.5714, 28.4142
553.63, 1.57195, 28.4232
554.21, 1.5725, 28.432
554.793, 1.57302, 28.4404
555.37, 1.57359, 28.4496
555.949, 1.57417, 28.459
556.534, 1.57476, 28.4685
557.109, 1.57535, 28.478
557.69, 1.57597, 28.4879
558.269, 1.57654, 28.4972
558.841, 1.57722, 28.5082
559.419, 1.57782, 28.5178
560, 1.57845, 28.5281
560.58, 1.57918, 28.5398
561.159, 1.57979, 28.5496
561.74, 1.58043, 28.5599
562.32, 1.58107, 28.5703
562.9, 1.58169, 28.5804
563.48, 1.58232, 28.5905
564.06, 1.58297, 28.601
564.639, 1.58364, 28.6118
565.219, 1.58438, 28.6238
565.812, 1.58501, 28.6339
566.39, 1.58578, 28.6463
566.969, 1.58649, 28.6578
567.55, 1.58733, 28.6714
568.13, 1.58794, 28.6813
568.713, 1.58873, 28.6939
569.29, 1.58942, 28.7052
569.87, 1.591, 28.7306
570.45, 1.59073, 28.7262
571.029, 1.59135, 28.7362
571.609, 1.59209, 28.7482
572.19, 1.59273, 28.7586
572.77, 1.59344, 28.7699
573.349, 1.59411, 28.7807
573.93, 1.59476, 28.7912
574.51, 1.59542, 28.802
575.09, 1.59602, 28.8116
575.67, 1.59666, 28.8219
576.253, 1.59738, 28.8336
576.83, 1.59792, 28.8422
577.403, 1.59854, 28.8523
577.98, 1.59914, 28.862
578.56, 1.59977, 28.8721
579.14, 1.60041, 28.8825
579.72, 1.60104, 28.8926
580.299, 1.60164, 28.9023
580.872, 1.60223, 28.9118
581.45, 1.60284, 28.9217
582.029, 1.60339, 28.9305
582.61, 1.60399, 28.9403
583.19, 1.60452, 28.9488
583.772, 1.6051, 28.9582
584.35, 1.60562, 28.9665
584.93, 1.60622, 28.9763
585.51, 1.60672, 28.9844
586.089, 1.60719, 28.992
586.669, 1.60773, 29.0006
587.25, 1.60837, 29.011
587.83, 1.609, 29.0211
588.409, 1.60953, 29.0297
588.99, 1.6101, 29.0389
589.57, 1.61066, 29.048
590.15, 1.6113, 29.0583
590.733, 1.61197, 29.0691
591.304, 1.61265, 29.0801
591.883, 1.61336, 29.0915
592.464, 1.61396, 29.1012
593.04, 1.61459, 29.1114
593.621, 1.6153, 29.1229
594.199, 1.616, 29.1342
594.779, 1.6167, 29.1455
595.36, 1.61727, 29.1546
595.933, 1.61807, 29.1676
596.51, 1.61876, 29.1787
597.09, 1.61941, 29.1892
597.67, 1.62, 29.1988
598.25, 1.62074, 29.2106
598.823, 1.62135, 29.2204
599.4, 1.62201, 29.2312
599.988, 1.62273, 29.2428
600.56, 1.62339, 29.2535
601.139, 1.62406, 29.2643
601.719, 1.62469, 29.2744
602.299, 1.62541, 29.286
602.88, 1.62606, 29.2965
603.459, 1.62671, 29.307
604.039, 1.62736, 29.3175
604.62, 1.62804, 29.3286
605.2, 1.62873, 29.3396
605.78, 1.62931, 29.349
606.37, 1.62998, 29.3598
606.95, 1.63061, 29.37
607.53, 1.6313, 29.3811
608.109, 1.63186, 29.3901
608.69, 1.63256, 29.4014
609.27, 1.63329, 29.4132
609.849, 1.63385, 29.4223
610.43, 1.63449, 29.4325
611.01, 1.63511, 29.4426
611.589, 1.63575, 29.453
612.169, 1.63645, 29.4642
612.75, 1.63709, 29.4746
613.33, 1.63765, 29.4836
613.903, 1.63824, 29.4932
614.474, 1.63888, 29.5034
615.049, 1.6396, 29.5151
615.63, 1.64026, 29.5258
616.209, 1.64087, 29.5356
616.792, 1.64151, 29.5459
617.37, 1.64217, 29.5565
617.95, 1.6428, 29.5667
618.53, 1.64332, 29.5751
619.11, 1.64386, 29.5839
619.69, 1.64444, 29.5932
620.27, 1.64497, 29.6018
620.85, 1.6455, 29.6103
621.433, 1.64595, 29.6175
622.01, 1.64657, 29.6276
622.589, 1.64702, 29.6349
623.169, 1.64759, 29.6441
623.75, 1.64812, 29.6525
624.332, 1.64868, 29.6616
624.909, 1.64931, 29.6719
625.49, 1.64996, 29.6823
626.07, 1.65064, 29.6932
626.65, 1.65137, 29.7051
627.23, 1.65199, 29.715
627.81, 1.65269, 29.7264
628.39, 1.65331, 29.7364
628.969, 1.65393, 29.7464
629.549, 1.65459, 29.757
630.13, 1.6552, 29.7669
630.709, 1.65581, 29.7768
631.289, 1.65647, 29.7874
631.862, 1.65699, 29.7957
632.441, 1.65752, 29.8043
633.012, 1.65814, 29.8143
633.59, 1.65882, 29.8253
634.169, 1.65937, 29.8341
634.75, 1.65993, 29.8432
635.33, 1.66059, 29.854
635.913, 1.66105, 29.8612
636.493, 1.66163, 29.8707
637.07, 1.66222, 29.8801
637.65, 1.66284, 29.8902
638.23, 1.66345, 29.9001
638.81, 1.66408, 29.9103
639.383, 1.66461, 29.9187
639.96, 1.66522, 29.9286
640.543, 1.66582, 29.9384
641.12, 1.66646, 29.9487
641.7, 1.66699, 29.9573
642.28, 1.66758, 29.9667
642.859, 1.66808, 29.9747
643.44, 1.66854, 29.9822
644.019, 1.66898, 29.9893
644.599, 1.66959, 29.9992
645.183, 1.6701, 30.0074
645.76, 1.67062, 30.0158
646.339, 1.67113, 30.024
646.919, 1.67167, 30.0327
647.5, 1.6723, 30.0429
648.08, 1.67284, 30.0516
648.659, 1.67336, 30.0599
649.24, 1.67393, 30.0692
649.822, 1.67454, 30.0791
650.4, 1.67515, 30.0889
650.979, 1.67562, 30.0965
651.56, 1.67621, 30.106
652.14, 1.67675, 30.1147
652.72, 1.67735, 30.1244
653.3, 1.67787, 30.1327
653.88, 1.67845, 30.1423
654.469, 1.67912, 30.153
655.049, 1.67978, 30.1636
655.63, 1.68035, 30.1729
656.209, 1.68097, 30.1829
656.789, 1.68159, 30.1929
657.373, 1.68214, 30.2017
657.95, 1.68279, 30.2123
658.53, 1.68337, 30.2215
659.109, 1.6839, 30.2301
659.69, 1.68447, 30.2393
660.269, 1.68494, 30.2469
660.849, 1.68546, 30.2553
661.43, 1.68607, 30.2652
662.009, 1.68653, 30.2726
662.589, 1.68713, 30.2822
663.17, 1.68768, 30.2911
663.75, 1.68826, 30.3005
664.33, 1.68883, 30.3097
664.913, 1.68945, 30.3197
665.49, 1.69002, 30.329
666.07, 1.69058, 30.338
666.65, 1.69124, 30.3487
667.229, 1.69182, 30.358
667.81, 1.69238, 30.367
668.389, 1.69297, 30.3765
668.969, 1.69359, 30.3865
669.552, 1.69419, 30.3962
670.132, 1.69484, 30.4068
670.71, 1.69541, 30.4159
671.281, 1.69603, 30.426
671.859, 1.69652, 30.4338
672.44, 1.6971, 30.4431
673.02, 1.69773, 30.4535
673.599, 1.69836, 30.4635
674.18, 1.69895, 30.4731
674.76, 1.6996, 30.4835
675.339, 1.70026, 30.4942
675.919, 1.70096, 30.5055
676.499, 1.7016, 30.5158
677.079, 1.7023, 30.5272
677.66, 1.70288, 30.5364
678.254, 1.70353, 30.547
678.846, 1.70415, 30.5569
679.417, 1.70471, 30.566
679.989, 1.7053, 30.5756
680.56, 1.70576, 30.583
681.143, 1.70629, 30.5915
681.72, 1.70684, 30.6004
682.299, 1.70731, 30.6081
682.88, 1.70783, 30.6164
683.46, 1.7083, 30.624
684.039, 1.70888, 30.6333
684.62, 1.70943, 30.6422
685.2, 1.70992, 30.6501
685.784, 1.71045, 30.6587
686.36, 1.71089, 30.6659
686.94, 1.71153, 30.6761
687.529, 1.71202, 30.6841
688.109, 1.71258, 30.6931
688.682, 1.71301, 30.7
689.26, 1.71356, 30.7089
689.839, 1.71415, 30.7184
690.422, 1.7146, 30.7257
691, 1.71519, 30.7352
691.579, 1.71585, 30.7459
692.16, 1.71631, 30.7534
692.74, 1.71782, 30.7777
693.32, 1.71755, 30.7734
693.9, 1.71811, 30.7824
694.48, 1.71878, 30.7931
695.06, 1.7194, 30.8031
695.64, 1.71996, 30.8123
696.22, 1.72058, 30.8223
696.8, 1.72127, 30.8334
697.38, 1.72194, 30.8442
697.959, 1.72255, 30.8541
698.539, 1.72318, 30.8642
699.12, 1.72382, 30.8746
699.7, 1.72442, 30.8843
700.279, 1.72509, 30.8951
700.859, 1.72572, 30.9052
701.44, 1.72626, 30.9139
702.02, 1.72687, 30.9237
702.6, 1.72742, 30.9327
703.18, 1.728, 30.9419
703.76, 1.72845, 30.9492
704.339, 1.72901, 30.9583
704.922, 1.72947, 30.9657
705.502, 1.72994, 30.9732
706.08, 1.73043, 30.9812
706.659, 1.73086, 30.9881
707.232, 1.73134, 30.9958
707.81, 1.73177, 31.0029
708.39, 1.73219, 31.0096
708.97, 1.73271, 31.018
709.55, 1.73315, 31.0252
710.129, 1.73356, 31.0317
710.716, 1.73415, 31.0413
711.29, 1.73445, 31.046
711.87, 1.73495, 31.0541
712.45, 1.7354, 31.0615
713.023, 1.73579, 31.0677
713.601, 1.73648, 31.0789
714.185, 1.73672, 31.0828
714.757, 1.73712, 31.0891
715.328, 1.73715, 31.0896
715.899, 1.73761, 31.0972
716.479, 1.73836, 31.1092
717.051, 1.73886, 31.1173
717.63, 1.73928, 31.124
718.201, 1.7398, 31.1325
718.773, 1.7402, 31.1389
719.344, 1.74072, 31.1473
719.921, 1.74129, 31.1565
720.502, 1.74178, 31.1644
721.074, 1.7422, 31.1712
721.658, 1.74271, 31.1794
722.23, 1.7432, 31.1874
722.801, 1.7437, 31.1953
723.38, 1.74413, 31.2023
723.951, 1.74464, 31.2106
724.527, 1.74513, 31.2184
725.11, 1.7456, 31.226
725.69, 1.74611, 31.2344
726.267, 1.74654, 31.2412
726.84, 1.74693, 31.2476
727.411, 1.74745, 31.2559
727.983, 1.74799, 31.2646
728.568, 1.74845, 31.2721
729.14, 1.74897, 31.2804
729.711, 1.7495, 31.289
730.29, 1.74997, 31.2965
730.861, 1.75054, 31.3058
731.44, 1.75094, 31.3123
732.011, 1.7514, 31.3197
732.6, 1.75196, 31.3287
733.171, 1.75245, 31.3367
733.75, 1.7529, 31.3439
734.321, 1.75343, 31.3524
734.9, 1.75389, 31.3598
735.471, 1.75444, 31.3688
736.05, 1.75504, 31.3785
736.621, 1.75548, 31.3856
737.2, 1.756, 31.394
737.771, 1.7566, 31.4037
738.343, 1.75688, 31.4081
738.914, 1.7573, 31.4149
739.49, 1.75784, 31.4236
740.061, 1.75822, 31.4297
740.64, 1.75867, 31.437
741.23, 1.75919, 31.4455
741.801, 1.75958, 31.4518
742.38, 1.76008, 31.4598
742.951, 1.7606, 31.4682
743.523, 1.76107, 31.4757
744.094, 1.76161, 31.4845
744.67, 1.76212, 31.4927
745.241, 1.76262, 31.5008
745.82, 1.76312, 31.5089
746.391, 1.76366, 31.5175
746.97, 1.76411, 31.5249
747.542, 1.76463, 31.5332
748.114, 1.76512, 31.5412
748.689, 1.76566, 31.5499
749.261, 1.76614, 31.5576
749.832, 1.7667, 31.5666
750.404, 1.76713, 31.5736
750.98, 1.76769, 31.5826
751.551, 1.76818, 31.5906
752.14, 1.76873, 31.5994
752.713, 1.76925, 31.6079
753.298, 1.76981, 31.6168
753.87, 1.77036, 31.6258
754.441, 1.77086, 31.6338
755.02, 1.77142, 31.6428
755.591, 1.77206, 31.6532
756.176, 1.77271, 31.6637
756.76, 1.77326, 31.6725
757.331, 1.77383, 31.6817
757.905, 1.77436, 31.6904
758.481, 1.77495, 31.6998
759.052, 1.7755, 31.7087
759.63, 1.77604, 31.7174
760.201, 1.77656, 31.7258
760.773, 1.77716, 31.7355
761.344, 1.77766, 31.7436
761.919, 1.77824, 31.7529
762.491, 1.77882, 31.7623
763.062, 1.7793, 31.7701
763.64, 1.77984, 31.7788
764.22, 1.78032, 31.7865
764.791, 1.78085, 31.795
765.363, 1.78138, 31.8037
765.948, 1.78184, 31.8111
766.53, 1.78239, 31.8199
767.101, 1.78298, 31.8294
767.68, 1.78345, 31.837
768.251, 1.78401, 31.8461
768.83, 1.78447, 31.8535
769.401, 1.78503, 31.8625
769.986, 1.78545, 31.8693
770.56, 1.78597, 31.8777
771.131, 1.78646, 31.8856
771.71, 1.78694, 31.8933
772.281, 1.78749, 31.9022
772.857, 1.78796, 31.9098
773.43, 1.78837, 31.9164
774.001, 1.78882, 31.9237
774.573, 1.78933, 31.932
775.15, 1.78976, 31.9389
775.726, 1.79028, 31.9473
776.31, 1.79073, 31.9545
776.881, 1.79122, 31.9624
777.452, 1.79157, 31.9682
778.024, 1.79207, 31.9761
778.599, 1.7926, 31.9847
779.19, 1.79303, 31.9917
779.767, 1.79354, 31.9998
780.35, 1.79396, 32.0067
780.922, 1.79446, 32.0147
781.494, 1.79491, 32.022
782.07, 1.7954, 32.0298
782.641, 1.7959, 32.0381
783.213, 1.79627, 32.0439
783.79, 1.79681, 32.0526
784.361, 1.79737, 32.0617
784.938, 1.79783, 32.0691
785.51, 1.79837, 32.0778
786.081, 1.79883, 32.0853
786.652, 1.79927, 32.0923
787.224, 1.79974, 32.1
787.8, 1.80036, 32.11
788.371, 1.80074, 32.1161
788.943, 1.80122, 32.1238
789.52, 1.80163, 32.1305
790.091, 1.8021, 32.138
790.67, 1.80255, 32.1454
791.25, 1.803, 32.1526
791.821, 1.80355, 32.1615
792.393, 1.8039, 32.1672
792.964, 1.80444, 32.1759
793.549, 1.80494, 32.1839
794.122, 1.8054, 32.1913
794.694, 1.80583, 32.1983
795.27, 1.8064, 32.2074
795.841, 1.80687, 32.2151
796.42, 1.80732, 32.2224
796.991, 1.80774, 32.2291
797.57, 1.80819, 32.2364
798.141, 1.80864, 32.2436
798.73, 1.80902, 32.2498
799.31, 1.80942, 32.2563
799.881, 1.80992, 32.2643
800.46, 1.81033, 32.2709
801.031, 1.8108, 32.2785
801.61, 1.81129, 32.2864
802.181, 1.8118, 32.2947
802.766, 1.81221, 32.3013
803.35, 1.81273, 32.3096
803.923, 1.81312, 32.316
804.494, 1.81347, 32.3216
805.07, 1.81392, 32.3289
805.641, 1.81432, 32.3353
806.23, 1.81472, 32.3417
806.801, 1.81515, 32.3487
807.38, 1.81559, 32.3557
807.951, 1.81601, 32.3626
808.523, 1.81652, 32.3708
809.094, 1.81697, 32.378
809.67, 1.81748, 32.3863
810.242, 1.81806, 32.3956
810.82, 1.8185, 32.4027
811.391, 1.81908, 32.4122
811.963, 1.81963, 32.4211
812.54, 1.82018, 32.43
813.111, 1.82075, 32.4391
813.682, 1.82135, 32.4487
814.254, 1.82183, 32.4565
814.83, 1.82234, 32.4648
815.401, 1.82284, 32.4729
815.972, 1.82328, 32.48
816.56, 1.82386, 32.4894
817.131, 1.82432, 32.4968
817.71, 1.82487, 32.5056
818.29, 1.82533, 32.513
818.861, 1.82564, 32.5181
819.44, 1.82615, 32.5264
820.011, 1.8267, 32.5351
820.59, 1.82716, 32.5425
821.162, 1.82748, 32.5477
821.734, 1.82793, 32.555
822.31, 1.82846, 32.5635
822.881, 1.8288, 32.569
823.46, 1.82916, 32.5748
824.031, 1.82968, 32.5832
824.61, 1.83004, 32.589
825.181, 1.83041, 32.5951
825.77, 1.83095, 32.6038
826.343, 1.83132, 32.6098
826.92, 1.83178, 32.6172
827.491, 1.83233, 32.626
828.07, 1.8328, 32.6336
828.641, 1.83323, 32.6406
829.22, 1.83361, 32.6466
829.791, 1.83408, 32.6543
830.37, 1.83445, 32.6602
830.941, 1.83492, 32.6679
831.529, 1.83539, 32.6755
832.101, 1.83574, 32.6811
832.689, 1.83626, 32.6895
833.28, 1.83676, 32.6976
833.851, 1.83719, 32.7045
834.423, 1.8377, 32.7127
834.994, 1.8382, 32.7208
835.569, 1.8386, 32.7272
836.141, 1.83902, 32.734
836.72, 1.83953, 32.7423
837.291, 1.83997, 32.7494
837.87, 1.84036, 32.7557
838.441, 1.84083, 32.7633
839.012, 1.84126, 32.7702
839.584, 1.84171, 32.7775
840.155, 1.84217, 32.7848
840.73, 1.84257, 32.7913
841.301, 1.843, 32.7982
841.873, 1.84349, 32.8062
842.448, 1.84389, 32.8127
843.019, 1.84434, 32.8199
843.591, 1.84481, 32.8275
844.18, 1.84525, 32.8346
844.751, 1.84572, 32.8422
845.33, 1.84622, 32.8503
845.901, 1.8468, 32.8595
846.48, 1.84735, 32.8684
847.051, 1.84785, 32.8765
847.63, 1.84842, 32.8857
848.201, 1.8491, 32.8967
848.773, 1.84966, 32.9057
849.344, 1.85033, 32.9165
849.93, 1.85093, 32.9262
850.501, 1.85156, 32.9364
851.073, 1.85203, 32.944
851.644, 1.85259, 32.9531
852.228, 1.85319, 32.9627
852.8, 1.85371, 32.9712
853.371, 1.8543, 32.9807
853.943, 1.8548, 32.9887
854.521, 1.85529, 32.9966
855.1, 1.85573, 33.0038
855.673, 1.85608, 33.0094
856.259, 1.85669, 33.0192
856.83, 1.85712, 33.0262
857.41, 1.85751, 33.0324
857.981, 1.85807, 33.0416
858.56, 1.85855, 33.0492
859.131, 1.85882, 33.0537
859.71, 1.85926, 33.0607
860.289, 1.85963, 33.0667
860.861, 1.86013, 33.0747
861.432, 1.86042, 33.0795
862.004, 1.86093, 33.0877
862.58, 1.86138, 33.095
863.151, 1.86179, 33.1016
863.73, 1.86227, 33.1093
864.301, 1.8628, 33.1179
864.88, 1.86335, 33.1267
865.451, 1.86378, 33.1337
866.022, 1.8643, 33.1421
866.594, 1.86472, 33.1488
867.17, 1.86521, 33.1568
867.742, 1.86568, 33.1644
868.314, 1.86611, 33.1713
868.89, 1.86662, 33.1796
869.461, 1.86717, 33.1884
870.033, 1.86758, 33.1951
870.604, 1.86809, 33.2033
871.18, 1.86853, 33.2103
871.751, 1.86905, 33.2187
872.34, 1.86968, 33.2289
872.911, 1.87005, 33.2348
873.49, 1.87055, 33.243
874.061, 1.87117, 33.2529
874.64, 1.87164, 33.2605
875.211, 1.87203, 33.2668
875.79, 1.87258, 33.2757
876.361, 1.8732, 33.2856
876.94, 1.87368, 33.2934
877.511, 1.87417, 33.3014
878.083, 1.87468, 33.3097
878.66, 1.87505, 33.3156
879.231, 1.87549, 33.3227
879.822, 1.87601, 33.3311
880.394, 1.87634, 33.3364
880.969, 1.87673, 33.3427
881.541, 1.87719, 33.3501
882.12, 1.87757, 33.3562
882.691, 1.87797, 33.3627
883.27, 1.87832, 33.3683
883.841, 1.87862, 33.3733
884.42, 1.87901, 33.3796
884.991, 1.87933, 33.3846
885.57, 1.8798, 33.3922
886.141, 1.88014, 33.3977
886.72, 1.8806, 33.4051
887.291, 1.88103, 33.4121
887.87, 1.88155, 33.4205
888.441, 1.88194, 33.4268
889.02, 1.88246, 33.4352
889.591, 1.88295, 33.4432
890.179, 1.88336, 33.4497
890.751, 1.88388, 33.4582
891.33, 1.88441, 33.4667
891.91, 1.88492, 33.4749
892.481, 1.88529, 33.4808
893.06, 1.88575, 33.4882
893.631, 1.88629, 33.497
894.21, 1.88673, 33.5042
894.781, 1.88714, 33.5107
895.36, 1.88754, 33.5173
895.931, 1.88799, 33.5245
896.51, 1.8884, 33.5312
897.081, 1.88877, 33.5371
897.66, 1.88915, 33.5432
898.232, 1.8906, 33.5666
898.803, 1.89, 33.557
899.39, 1.8905, 33.5649
899.969, 1.89085, 33.5707
900.54, 1.89131, 33.5781
901.111, 1.89183, 33.5864
901.69, 1.89225, 33.5932
902.261, 1.89274, 33.6012
902.84, 1.89314, 33.6076
903.411, 1.8937, 33.6166
903.99, 1.89414, 33.6238
904.561, 1.89454, 33.6301
905.14, 1.895, 33.6376
905.711, 1.89538, 33.6437
906.29, 1.89582, 33.6508
906.861, 1.8962, 33.6569
907.433, 1.89654, 33.6625
908.004, 1.897, 33.67
908.58, 1.89738, 33.676
909.151, 1.8978, 33.6829
909.73, 1.89812, 33.688
910.301, 1.89856, 33.695
910.88, 1.89897, 33.7017
911.46, 1.89936, 33.708
912.033, 1.89975, 33.7142
912.604, 1.90012, 33.7202
913.18, 1.90145, 33.7417
913.751, 1.90085, 33.7321
914.332, 1.90132, 33.7397
914.904, 1.90169, 33.7457
915.479, 1.90214, 33.7528
916.051, 1.90256, 33.7596
916.622, 1.90301, 33.7669
917.2, 1.90348, 33.7746
917.771, 1.90386, 33.7806
918.35, 1.90428, 33.7874
918.93, 1.9047, 33.7942
919.501, 1.90522, 33.8025
920.078, 1.90562, 33.8091
920.65, 1.90605, 33.8159
921.221, 1.90656, 33.8241
921.802, 1.90707, 33.8324
922.374, 1.90734, 33.8368
922.958, 1.90782, 33.8445
923.53, 1.90833, 33.8528
924.101, 1.90885, 33.8612
924.672, 1.90933, 33.8689
925.244, 1.90987, 33.8777
925.82, 1.91028, 33.8843
926.399, 1.91078, 33.8923
926.971, 1.91119, 33.899
927.542, 1.91163, 33.906
928.114, 1.91205, 33.9128
928.69, 1.91243, 33.9189
929.261, 1.91297, 33.9277
929.833, 1.91336, 33.934
930.41, 1.9138, 33.9411
930.99, 1.91424, 33.9482
931.561, 1.91467, 33.9551
932.14, 1.91512, 33.9623
932.711, 1.91561, 33.9702
933.29, 1.91618, 33.9795
933.863, 1.91662, 33.9867
934.434, 1.91707, 33.9939
935.01, 1.91764, 34.0031
935.581, 1.91819, 34.0119
936.169, 1.91877, 34.0212
936.74, 1.91928, 34.0295
937.311, 1.91975, 34.0372
937.89, 1.92035, 34.0468
938.47, 1.92087, 34.0552
939.041, 1.92129, 34.062
939.62, 1.92175, 34.0694
940.191, 1.92217, 34.0761
940.77, 1.92262, 34.0834
941.343, 1.92293, 34.0885
941.92, 1.9234, 34.096
942.491, 1.92382, 34.1027
943.07, 1.9242, 34.1089
943.641, 1.92444, 34.1129
944.22, 1.9249, 34.1202
944.791, 1.92527, 34.1262
945.37, 1.92565, 34.1324
945.95, 1.92599, 34.1379
946.521, 1.92637, 34.1439
947.092, 1.92678, 34.1505
947.68, 1.92709, 34.1556
948.251, 1.92757, 34.1634
948.83, 1.92799, 34.1702
949.401, 1.92835, 34.176
949.98, 1.92872, 34.182
950.56, 1.92908, 34.1877
951.131, 1.92956, 34.1954
951.703, 1.92989, 34.2007
952.274, 1.93033, 34.2079
952.849, 1.93059, 34.2121
953.432, 1.93099, 34.2185
954.004, 1.93121, 34.222
954.58, 1.9316, 34.2284
955.151, 1.93201, 34.235
955.723, 1.93233, 34.2401
956.294, 1.93282, 34.2481
956.87, 1.93321, 34.2544
957.441, 1.93359, 34.2604
958.02, 1.93403, 34.2676
958.591, 1.93443, 34.2741
959.18, 1.93476, 34.2795
959.751, 1.93514, 34.2855
960.33, 1.93556, 34.2924
960.902, 1.93588, 34.2976
961.474, 1.93628, 34.3039
962.049, 1.93657, 34.3087
962.621, 1.93694, 34.3146
963.193, 1.93739, 34.3219
963.77, 1.93785, 34.3293
964.341, 1.93824, 34.3356
964.913, 1.93872, 34.3434
965.49, 1.93916, 34.3504
966.061, 1.93963, 34.358
966.64, 1.94008, 34.3653
967.211, 1.94047, 34.3716
967.79, 1.94092, 34.3788
968.361, 1.94146, 34.3876
968.94, 1.94189, 34.3945
969.518, 1.94229, 34.4009
970.1, 1.94274, 34.4082
970.671, 1.94326, 34.4165
971.25, 1.94376, 34.4246
971.821, 1.94421, 34.4319
972.4, 1.94463, 34.4387
972.982, 1.94508, 34.446
973.554, 1.9455, 34.4528
974.13, 1.94588, 34.459
974.701, 1.94639, 34.4671
975.272, 1.94679, 34.4736
975.844, 1.94728, 34.4814
976.42, 1.94778, 34.4896
976.991, 1.94832, 34.4983
977.57, 1.94884, 34.5067
978.141, 1.94934, 34.5148
978.72, 1.94984, 34.5229
979.291, 1.9503, 34.5303
979.87, 1.95092, 34.5402
980.441, 1.95145, 34.5488
981.02, 1.95214, 34.5599
981.591, 1.95262, 34.5677
982.17, 1.95317, 34.5766
982.741, 1.95386, 34.5877
983.326, 1.95432, 34.5951
983.9, 1.95482, 34.6032
984.473, 1.95511, 34.6079
985.05, 1.95571, 34.6175
985.621, 1.95621, 34.6257
986.196, 1.95655, 34.6311
986.77, 1.957, 34.6383
987.341, 1.95743, 34.6453
987.93, 1.95767, 34.6493
988.51, 1.95813, 34.6566
989.081, 1.95842, 34.6614
989.66, 1.95883, 34.668
990.231, 1.95914, 34.6728
990.802, 1.95955, 34.6795
991.374, 1.95982, 34.6839
991.95, 1.96013, 34.689
992.539, 1.96058, 34.6963
993.111, 1.96089, 34.7012
993.682, 1.9614, 34.7094
994.254, 1.96179, 34.7156
994.83, 1.96223, 34.7229
995.401, 1.96277, 34.7315
995.98, 1.96322, 34.7388
996.551, 1.96356, 34.7443
997.13, 1.9641, 34.753
997.701, 1.96462, 34.7614
998.279, 1.96507, 34.7686
998.851, 1.96547, 34.7752
999.422, 1.96601, 34.7839
1000.01, 1.96641, 34.7903
1000.58, 1.96685, 34.7974
1001.16, 1.96725, 34.8038
1001.74, 1.96767, 34.8106
1002.31, 1.96814, 34.8182
1002.88, 1.96855, 34.8249
1003.45, 1.9689, 34.8305
1004.03, 1.96934, 34.8376
1004.61, 1.96979, 34.8449
1005.2, 1.97022, 34.8518
1005.77, 1.97067, 34.859
1006.35, 1.97106, 34.8654
1006.92, 1.97144, 34.8714
1007.49, 1.97183, 34.8778
1008.07, 1.97224, 34.8844
1008.64, 1.97258, 34.8899
1009.22, 1.973, 34.8967
1009.79, 1.97348, 34.9044
1010.38, 1.97384, 34.9102
1010.95, 1.97423, 34.9164
1011.52, 1.97462, 34.9228
1012.1, 1.97504, 34.9296
1012.67, 1.97551, 34.9371
1013.25, 1.97591, 34.9436
1013.82, 1.97623, 34.9488
1014.4, 1.97658, 34.9544
1014.97, 1.97703, 34.9617
1015.54, 1.9773, 34.966
1016.12, 1.97768, 34.9722
1016.7, 1.97807, 34.9785
1017.27, 1.97848, 34.9851
1017.85, 1.97897, 34.993
1018.42, 1.97929, 34.9982
1019, 1.97972, 35.0051
1019.58, 1.98017, 35.0124
1020.16, 1.98066, 35.0203
1020.75, 1.98115, 35.0281
1021.33, 1.98161, 35.0356
1021.9, 1.98205, 35.0428
1022.47, 1.98257, 35.0511
1023.04, 1.98299, 35.0579
1023.62, 1.98345, 35.0653
1024.2, 1.98397, 35.0737
1024.77, 1.98449, 35.0822
1025.34, 1.985, 35.0903
1025.92, 1.98543, 35.0973
1026.49, 1.98586, 35.1042
1027.06, 1.98628, 35.111
1027.63, 1.98668, 35.1175
1028.21, 1.98707, 35.1238
1028.78, 1.9874, 35.1291
1029.36, 1.98781, 35.1357
1029.93, 1.98813, 35.141
1030.51, 1.9885, 35.1468
1031.08, 1.98888, 35.1529
1031.66, 1.98927, 35.1593
1032.23, 1.9895, 35.163
1032.8, 1.98997, 35.1706
1033.39, 1.99029, 35.1758
1033.96, 1.9907, 35.1824
1034.53, 1.99091, 35.1857
1035.11, 1.9913, 35.192
1035.68, 1.99152, 35.1955
1036.25, 1.99181, 35.2002
1036.83, 1.99207, 35.2044
1037.4, 1.99244, 35.2105
1037.97, 1.99268, 35.2144
1038.55, 1.99305, 35.2204
1039.13, 1.99327, 35.2239
1039.7, 1.9937, 35.2307
1040.27, 1.99392, 35.2344
1040.84, 1.9944, 35.242
1041.42, 1.99466, 35.2463
1041.99, 1.99507, 35.2529
1042.57, 1.99541, 35.2584
1043.14, 1.9958, 35.2647
1043.72, 1.99626, 35.2721
1044.29, 1.99659, 35.2774
1044.87, 1.99701, 35.2842
1045.44, 1.9973, 35.2888
1046.02, 1.99764, 35.2943
1046.59, 1.99799, 35.3001
1047.17, 1.99838, 35.3064
1047.74, 1.99852, 35.3085
1048.32, 1.99881, 35.3132
1048.89, 1.99926, 35.3205
1049.47, 1.99952, 35.3248
1050.04, 1.99978, 35.3289
1050.62, 2.00006, 35.3334
1051.2, 2.0004, 35.3389
1051.77, 2.00084, 35.346
1052.35, 2.00108, 35.3499
1052.92, 2.00132, 35.3537
1053.5, 2.00169, 35.3598
1054.07, 2.00204, 35.3655
1054.64, 2.00225, 35.3689
1055.22, 2.00266, 35.3754
1055.79, 2.00299, 35.3807
1056.36, 2.00325, 35.3849
1056.96, 2.00359, 35.3905
1057.54, 2.00393, 35.3959
1058.11, 2.00432, 35.4022
1058.69, 2.00467, 35.4079
1059.26, 2.00502, 35.4135
1059.84, 2.00548, 35.4209
1060.41, 2.00603, 35.4298
1060.99, 2.00638, 35.4355
1061.56, 2.00675, 35.4414
1062.14, 2.00706, 35.4464
1062.71, 2.00747, 35.4531
1063.3, 2.00782, 35.4588
1063.87, 2.00795, 35.4608
1064.44, 2.00831, 35.4667
1065.02, 2.00859, 35.4711
1065.59, 2.0089, 35.4761
1066.17, 2.00923, 35.4814
1066.74, 2.00955, 35.4866
1067.31, 2.00989, 35.4921
1067.88, 2.01016, 35.4964
1068.46, 2.01057, 35.503
1069.04, 2.01095, 35.5092
1069.61, 2.01112, 35.512
1070.18, 2.01151, 35.5183
1070.76, 2.01183, 35.5234
1071.33, 2.0122, 35.5294
1071.91, 2.0125, 35.5343
1072.48, 2.01287, 35.5402
1073.05, 2.01316, 35.5449
1073.64, 2.01358, 35.5516
1074.22, 2.0139, 35.5568
1074.79, 2.01427, 35.5628
1075.37, 2.01458, 35.5678
1075.94, 2.01497, 35.5742
1076.52, 2.01542, 35.5814
1077.1, 2.01578, 35.5872
1077.67, 2.01614, 35.5931
1078.25, 2.0166, 35.6004
1078.82, 2.01691, 35.6054
1079.4, 2.01725, 35.6109
1079.97, 2.01758, 35.6163
1080.54, 2.01788, 35.6211
1081.11, 2.01811, 35.6248
1081.69, 2.01865, 35.6335
1082.26, 2.01917, 35.6419
1082.84, 2.01948, 35.6469
1083.41, 2.0199, 35.6537
1084, 2.02012, 35.6573
1084.57, 2.02059, 35.6648
1085.14, 2.02106, 35.6724
1085.72, 2.02137, 35.6775
1086.29, 2.02175, 35.6835
1086.87, 2.02229, 35.6923
1087.44, 2.02261, 35.6975
1088.01, 2.02311, 35.7055
1088.58, 2.02352, 35.7122
1089.16, 2.0239, 35.7182
1089.73, 2.02423, 35.7235
1090.32, 2.02466, 35.7305
1090.89, 2.02529, 35.7406
1091.46, 2.02555, 35.7449
1092.04, 2.02592, 35.7509
1092.61, 2.02634, 35.7576
1093.2, 2.02665, 35.7626
1093.78, 2.02696, 35.7677
1094.35, 2.0273, 35.7732
1094.93, 2.02761, 35.7781
1095.51, 2.02792, 35.7831
1096.08, 2.02788, 35.7825
1096.65, 2.02836, 35.7902
1097.23, 2.02876, 35.7967
1097.81, 2.02903, 35.801
1098.38, 2.02937, 35.8066
1098.96, 2.0298, 35.8135
1099.53, 2.02992, 35.8154
1100.1, 2.0302, 35.8199
1100.68, 2.03058, 35.8261
1101.25, 2.03097, 35.8323
1101.83, 2.03128, 35.8373
1102.4, 2.03169, 35.844
1102.97, 2.03217, 35.8517
1103.56, 2.03248, 35.8568
1104.13, 2.03296, 35.8646
1104.71, 2.03337, 35.8711
1105.29, 2.03381, 35.8782
1105.86, 2.03431, 35.8862
1106.43, 2.03471, 35.8928
1107, 2.03511, 35.8992
1107.58, 2.03548, 35.9052
1108.15, 2.03584, 35.911
1108.73, 2.03614, 35.9158
1109.3, 2.0365, 35.9217
1109.88, 2.03688, 35.9278
1110.45, 2.03719, 35.9327
1111.02, 2.03749, 35.9377
1111.59, 2.03788, 35.944
1112.17, 2.03819, 35.9489
1112.75, 2.03854, 35.9545
1113.32, 2.03896, 35.9613
1113.9, 2.0393, 35.9668
1114.48, 2.03971, 35.9734
1115.05, 2.04004, 35.9788
1115.63, 2.0405, 35.9862
1116.2, 2.04093, 35.9932
1116.77, 2.04118, 35.9972
1117.35, 2.04163, 36.0045
1117.92, 2.0421, 36.012
1118.49, 2.04248, 36.0182
1119.06, 2.04282, 36.0236
1119.64, 2.04318, 36.0295
1120.21, 2.04349, 36.0345
1120.8, 2.04382, 36.0398
1121.37, 2.04409, 36.0441
1121.94, 2.04448, 36.0505
1122.53, 2.04477, 36.0552
1123.1, 2.04506, 36.0598
1123.68, 2.04542, 36.0656
1124.25, 2.04568, 36.0697
1124.83, 2.04596, 36.0744
1125.4, 2.04613, 36.0771
1125.97, 2.04647, 36.0826
1126.56, 2.04678, 36.0876
1127.13, 2.04711, 36.0928
1127.71, 2.04746, 36.0986
1128.28, 2.04774, 36.103
1128.86, 2.04801, 36.1074
1129.43, 2.0484, 36.1138
1130, 2.04867, 36.1181
1130.58, 2.04905, 36.1243
1131.15, 2.04952, 36.1318
1131.72, 2.04982, 36.1366
1132.3, 2.05024, 36.1433
1132.87, 2.05074, 36.1515
1133.45, 2.05106, 36.1567
1134.02, 2.0514, 36.1622
1134.6, 2.05174, 36.1677
1135.17, 2.05207, 36.173
1135.75, 2.05241, 36.1784
1136.32, 2.05265, 36.1823
1136.9, 2.0529, 36.1864
1137.47, 2.05322, 36.1916
1138.05, 2.0535, 36.196
1138.62, 2.05379, 36.2007
1139.2, 2.05414, 36.2063
1139.79, 2.05442, 36.2109
1140.37, 2.05476, 36.2163
1140.94, 2.05511, 36.2221
1141.52, 2.05546, 36.2276
1142.09, 2.05579, 36.233
1142.66, 2.05608, 36.2377
1143.24, 2.05643, 36.2433
1143.81, 2.05669, 36.2475
1144.39, 2.05705, 36.2534
1144.96, 2.05735, 36.2583
1145.54, 2.05775, 36.2646
1146.11, 2.05809, 36.2702
1146.69, 2.05835, 36.2743
1147.27, 2.05866, 36.2793
1147.84, 2.05904, 36.2854
1148.42, 2.05939, 36.2911
1149, 2.05969, 36.296
1149.57, 2.05993, 36.2999
1150.15, 2.06028, 36.3054
1150.72, 2.06064, 36.3113
1151.3, 2.06103, 36.3176
1151.88, 2.06142, 36.3239
1152.45, 2.06174, 36.329
1153.02, 2.06223, 36.3369
1153.61, 2.06271, 36.3447
1154.18, 2.06315, 36.3517
1154.75, 2.06351, 36.3576
1155.32, 2.06401, 36.3656
1155.9, 2.0644, 36.372
1156.48, 2.06474, 36.3775
1157.05, 2.06519, 36.3847
1157.63, 2.06556, 36.3906
1158.2, 2.06603, 36.3983
1158.78, 2.06641, 36.4044
1159.36, 2.06668, 36.4088
1159.93, 2.06725, 36.418
1160.51, 2.06764, 36.4243
1161.08, 2.068, 36.4301
1161.66, 2.06836, 36.4359
1162.23, 2.0688, 36.443
1162.8, 2.06921, 36.4496
1163.37, 2.0695, 36.4543
1163.95, 2.06995, 36.4616
1164.52, 2.0704, 36.4688
1165.1, 2.07083, 36.4758
1165.67, 2.07123, 36.4823
1166.24, 2.07171, 36.49
1166.82, 2.07215, 36.4971
1167.39, 2.07252, 36.5031
1167.97, 2.07295, 36.5099
1168.54, 2.07321, 36.5142
1169.11, 2.07363, 36.521
1169.69, 2.07393, 36.5257
1170.26, 2.07414, 36.5293
1170.84, 2.07449, 36.5349
1171.42, 2.07474, 36.539
1171.99, 2.07515, 36.5456
1172.57, 2.07542, 36.5498
1173.14, 2.07576, 36.5554
1173.72, 2.07607, 36.5603
1174.3, 2.07638, 36.5653
1174.87, 2.07676, 36.5715
1175.45, 2.07707, 36.5765
1176.02, 2.0774, 36.5819
1176.6, 2.07773, 36.5871
1177.17, 2.07804, 36.5922
1177.75, 2.07823, 36.5952
1178.32, 2.0786, 36.6011
1178.9, 2.07899, 36.6075
1179.47, 2.07934, 36.6131
1180.04, 2.07967, 36.6184
1180.62, 2.08004, 36.6245
1181.19, 2.08036, 36.6296
1181.76, 2.08066, 36.6345
1182.34, 2.08102, 36.6403
1182.91, 2.08128, 36.6444
1183.49, 2.08159, 36.6495
1184.06, 2.08194, 36.6552
1184.65, 2.08222, 36.6596
1185.22, 2.08263, 36.6662
1185.8, 2.08286, 36.67
1186.38, 2.08321, 36.6756
1186.95, 2.08352, 36.6806
1187.52, 2.08392, 36.6871
1188.09, 2.08413, 36.6904
1188.67, 2.08447, 36.696
1189.24, 2.08479, 36.7011
1189.81, 2.0851, 36.7061
1190.39, 2.0854, 36.7109
1190.96, 2.08581, 36.7175
1191.54, 2.08616, 36.7233
1192.11, 2.08658, 36.7299
1192.69, 2.08687, 36.7346
1193.26, 2.08731, 36.7418
1193.84, 2.08758, 36.7462
1194.42, 2.08794, 36.7519
1194.99, 2.08823, 36.7567
1195.57, 2.08862, 36.763
1196.14, 2.089, 36.769
1196.72, 2.0893, 36.774
1197.29, 2.08968, 36.78
1197.87, 2.09, 36.7852
1198.45, 2.09044, 36.7922
1199.02, 2.09065, 36.7958
1199.6, 2.09104, 36.802
1200.2, 2.09136, 36.8071
1200.77, 2.09171, 36.8127
1201.35, 2.09195, 36.8166
1201.92, 2.09215, 36.82
1202.5, 2.09238, 36.8236
1203.07, 2.09268, 36.8284
1203.65, 2.09293, 36.8325
1204.23, 2.0932, 36.8369
1204.8, 2.09338, 36.8397
1205.38, 2.09366, 36.8443
1205.96, 2.09384, 36.8473
1206.53, 2.09422, 36.8533
1207.1, 2.09443, 36.8568
1207.67, 2.0948, 36.8627
1208.25, 2.09511, 36.8677
1208.82, 2.09548, 36.8736
1209.39, 2.09589, 36.8802
1209.96, 2.09629, 36.8868
1210.55, 2.09661, 36.8918
1211.12, 2.09696, 36.8975
1211.71, 2.09726, 36.9024
1212.28, 2.09754, 36.907
1212.85, 2.09788, 36.9124
1213.43, 2.09824, 36.9183
1214, 2.09861, 36.9242
1214.58, 2.09905, 36.9313
1215.15, 2.09932, 36.9357
1215.72, 2.09981, 36.9436
1216.3, 2.10022, 36.9502
1216.87, 2.10068, 36.9576
1217.45, 2.10194, 36.9779
1218.02, 2.10147, 36.9703
1218.59, 2.1018, 36.9758
1219.16, 2.10226, 36.9832
1219.74, 2.10272, 36.9905
1220.31, 2.10298, 36.9948
1220.88, 2.10341, 37.0016
1221.46, 2.10376, 37.0073
1222.03, 2.10409, 37.0126
1222.61, 2.10442, 37.018
1223.18, 2.10489, 37.0256
1223.76, 2.10519, 37.0304
1224.33, 2.10544, 37.0344
1224.9, 2.10583, 37.0408
1225.48, 2.1062, 37.0467
1226.05, 2.10642, 37.0503
1226.63, 2.10677, 37.0559
1227.2, 2.10705, 37.0605
1227.77, 2.10731, 37.0647
1228.34, 2.10759, 37.0691
1228.92, 2.10798, 37.0754
1229.49, 2.10821, 37.0792
1230.07, 2.10858, 37.0852
1230.64, 2.10886, 37.0897
1231.22, 2.10917, 37.0946
1231.79, 2.10934, 37.0974
1232.37, 2.10965, 37.1024
1232.95, 2.10994, 37.1071
1233.52, 2.11031, 37.1131
1234.11, 2.11064, 37.1183
1234.68, 2.11102, 37.1245
1235.25, 2.11131, 37.1292
1235.83, 2.11164, 37.1345
1236.4, 2.11203, 37.1408
1236.98, 2.11235, 37.146
1237.55, 2.11267, 37.1511
1238.13, 2.1129, 37.1549
1238.7, 2.11332, 37.1616
1239.27, 2.11368, 37.1674
1239.84, 2.11416, 37.1752
1240.43, 2.1145, 37.1806
1241, 2.11479, 37.1854
1241.57, 2.11512, 37.1906
1242.14, 2.11539, 37.1951
1242.72, 2.11567, 37.1996
1243.29, 2.11601, 37.205
1243.86, 2.11629, 37.2095
1244.43, 2.11654, 37.2136
1245.01, 2.11686, 37.2187
1245.58, 2.117, 37.2211
1246.15, 2.11734, 37.2265
1246.73, 2.11759, 37.2306
1247.3, 2.11779, 37.2338
1247.88, 2.11809, 37.2386
1248.45, 2.11835, 37.2428
1249.02, 2.11858, 37.2466
1249.59, 2.1188, 37.2502
1250.17, 2.11902, 37.2537
1250.74, 2.11928, 37.2577
1251.32, 2.1195, 37.2614
1251.89, 2.11982, 37.2665
1252.47, 2.12006, 37.2705
1253.04, 2.12028, 37.2739
1253.61, 2.12059, 37.279
1254.19, 2.12086, 37.2833
1254.76, 2.12111, 37.2874
1255.34, 2.12143, 37.2926
1255.91, 2.12179, 37.2984
1256.49, 2.1221, 37.3033
1257.07, 2.12239, 37.3081
1257.64, 2.12268, 37.3128
1258.22, 2.12307, 37.319
1258.79, 2.1234, 37.3243
1259.37, 2.12365, 37.3284
1259.95, 2.12413, 37.3361
1260.53, 2.12452, 37.3424
1261.1, 2.12489, 37.3483
1261.68, 2.12529, 37.3548
1262.25, 2.12559, 37.3597
1262.83, 2.12603, 37.3668
1263.4, 2.12636, 37.3721
1263.97, 2.12673, 37.378
1264.55, 2.12713, 37.3845
1265.12, 2.12752, 37.3909
1265.7, 2.12795, 37.3978
1266.27, 2.12827, 37.4029
1266.85, 2.1286, 37.4083
1267.42, 2.12902, 37.4151
1268, 2.1294, 37.4212
1268.57, 2.1297, 37.426
1269.15, 2.13005, 37.4317
1269.73, 2.1304, 37.4373
1270.31, 2.1307, 37.4422
1270.88, 2.13107, 37.4482
1271.45, 2.1313, 37.4519
1272.03, 2.13154, 37.4558
1272.6, 2.13195, 37.4624
1273.18, 2.1322, 37.4664
1273.75, 2.13235, 37.4688
1274.33, 2.13266, 37.4738
1274.9, 2.13297, 37.4788
1275.48, 2.1332, 37.4826
1276.05, 2.13346, 37.4866
1276.63, 2.13366, 37.4899
1277.2, 2.13397, 37.495
1277.78, 2.13417, 37.4981
1278.35, 2.13437, 37.5014
1278.93, 2.13451, 37.5036
1279.51, 2.13471, 37.5068
1280.08, 2.13495, 37.5107
1280.67, 2.13514, 37.5138
1281.24, 2.13529, 37.5163
1281.81, 2.13559, 37.521
1282.39, 2.13584, 37.5251
1282.96, 2.13612, 37.5297
1283.54, 2.13632, 37.533
1284.12, 2.13658, 37.537
1284.69, 2.13704, 37.5445
1285.27, 2.13728, 37.5484
1285.84, 2.13747, 37.5514
1286.42, 2.13774, 37.5558
1286.99, 2.13803, 37.5605
1287.57, 2.13829, 37.5647
1288.14, 2.13847, 37.5676
1288.72, 2.13885, 37.5737
1289.29, 2.13919, 37.5793
1289.87, 2.13957, 37.5854
1290.44, 2.13987, 37.5901
1291.02, 2.14024, 37.5962
1291.6, 2.14067, 37.6031
1292.17, 2.14105, 37.6091
1292.74, 2.14131, 37.6134
1293.32, 2.14163, 37.6185
1293.89, 2.14196, 37.6239
1294.46, 2.1423, 37.6293
1295.04, 2.1426, 37.6343
1295.61, 2.14306, 37.6417
1296.19, 2.14338, 37.6468
1296.76, 2.1436, 37.6503
1297.35, 2.14391, 37.6553
1297.92, 2.14428, 37.6614
1298.49, 2.14468, 37.6679
1299.07, 2.14501, 37.6731
1299.64, 2.14527, 37.6773
1300.22, 2.1456, 37.6826
1300.79, 2.14596, 37.6885
1301.36, 2.14626, 37.6933
1301.94, 2.1466, 37.6988
1302.52, 2.14699, 37.705
1303.09, 2.14727, 37.7097
1303.68, 2.1476, 37.715
1304.25, 2.14795, 37.7207
1304.83, 2.14832, 37.7266
1305.4, 2.14866, 37.7321
1305.98, 2.14904, 37.7382
1306.56, 2.14936, 37.7434
1307.13, 2.14962, 37.7475
1307.7, 2.14995, 37.7529
1308.27, 2.15025, 37.7578
1308.85, 2.15053, 37.7623
1309.42, 2.15081, 37.7668
1310, 2.15115, 37.7722
1310.57, 2.15132, 37.7751
1311.15, 2.15155, 37.7787
1311.72, 2.15184, 37.7834
1312.3, 2.15212, 37.7878
1312.87, 2.15227, 37.7904
1313.45, 2.15248, 37.7938
1314.04, 2.15272, 37.7976
1314.62, 2.15295, 37.8012
1315.19, 2.15314, 37.8043
1315.77, 2.1534, 37.8086
1316.34, 2.15369, 37.8133
1316.92, 2.15365, 37.8126
1317.49, 2.15383, 37.8156
1318.06, 2.15417, 37.8209
1318.64, 2.15449, 37.8262
1319.23, 2.15511, 37.8361
1319.81, 2.15543, 37.8413
1320.39, 2.15562, 37.8443
1320.96, 2.15596, 37.8498
1321.54, 2.15629, 37.8553
1322.11, 2.15659, 37.8601
1322.69, 2.15694, 37.8657
1323.27, 2.15732, 37.8718
1323.84, 2.15774, 37.8786
1324.41, 2.15808, 37.8841
1324.98, 2.15852, 37.8913
1325.57, 2.15885, 37.8966
1326.15, 2.15913, 37.901
1326.72, 2.15943, 37.906
1327.3, 2.15968, 37.91
1327.87, 2.15994, 37.9142
1328.45, 2.16017, 37.9179
1329.02, 2.16048, 37.9228
1329.6, 2.16055, 37.924
1330.17, 2.16086, 37.9289
1330.75, 2.16114, 37.9336
1331.32, 2.16143, 37.9381
1331.9, 2.16175, 37.9433
1332.48, 2.16196, 37.9467
1333.06, 2.16223, 37.9511
1333.64, 2.16258, 37.9567
1334.21, 2.16284, 37.9609
1334.79, 2.16313, 37.9656
1335.36, 2.16328, 37.9681
1335.94, 2.16353, 37.9721
1336.51, 2.16382, 37.9768
1337.09, 2.16412, 37.9817
1337.66, 2.16435, 37.9853
1338.25, 2.16471, 37.9912
1338.82, 2.16492, 37.9944
1339.39, 2.16529, 38.0005
1339.97, 2.16557, 38.005
1340.55, 2.1658, 38.0088
1341.13, 2.16625, 38.0159
1341.7, 2.1665, 38.02
1342.27, 2.16693, 38.0271
1342.86, 2.16728, 38.0326
1343.43, 2.16763, 38.0383
1344, 2.16791, 38.0429
1344.58, 2.16816, 38.0468
1345.15, 2.16842, 38.0511
1345.74, 2.16867, 38.055
1346.31, 2.16895, 38.0596
1346.88, 2.16922, 38.064
1347.45, 2.1695, 38.0684
1348.03, 2.16976, 38.0726
1348.61, 2.17006, 38.0776
1349.18, 2.17034, 38.082
1349.78, 2.17068, 38.0875
1350.41, 2.17153, 38.1012
1351, 2.17145, 38.0999
1351.57, 2.1718, 38.1056
1352.14, 2.17206, 38.1098
1352.72, 2.17242, 38.1156
1353.29, 2.17278, 38.1213
1353.87, 2.17308, 38.1262
1354.44, 2.17344, 38.1321
1355.02, 2.17377, 38.1374
1355.59, 2.17411, 38.1428
1356.17, 2.17439, 38.1474
1356.74, 2.17469, 38.1522
1357.32, 2.17498, 38.1569
1357.89, 2.17526, 38.1614
1358.47, 2.17557, 38.1664
1359.04, 2.17584, 38.1708
1359.61, 2.17617, 38.1761
1360.19, 2.1765, 38.1815
1360.76, 2.17683, 38.1868
1361.34, 2.17715, 38.1919
1361.91, 2.17743, 38.1965
1362.49, 2.17764, 38.1999
1363.06, 2.17793, 38.2046
1363.65, 2.17816, 38.2082
1364.22, 2.17838, 38.2118
1364.8, 2.17863, 38.2159
1365.37, 2.17876, 38.2179
1365.95, 2.179, 38.2218
1366.52, 2.17919, 38.2249
1367.1, 2.17941, 38.2284
1367.71, 2.17974, 38.2337
1368.28, 2.17987, 38.2359
1368.85, 2.18009, 38.2394
1369.42, 2.18035, 38.2435
1369.99, 2.18051, 38.2461
1370.57, 2.18077, 38.2504
1371.15, 2.18108, 38.2553
1371.73, 2.18135, 38.2597
1372.3, 2.18157, 38.2633
1372.88, 2.18183, 38.2675
1373.45, 2.18209, 38.2716
1374.03, 2.18229, 38.2748
1374.6, 2.18261, 38.2801
1375.17, 2.18296, 38.2857
1375.75, 2.18324, 38.2903
1376.32, 2.18347, 38.294
1376.9, 2.18379, 38.299
1377.47, 2.1841, 38.3041
1378.04, 2.1844, 38.3089
1378.62, 2.18467, 38.3133
1379.19, 2.1849, 38.317
1379.77, 2.18513, 38.3208
1380.36, 2.18544, 38.3258
1380.93, 2.18572, 38.3303
1381.5, 2.1858, 38.3316
1382.07, 2.18605, 38.3355
1382.65, 2.1863, 38.3396
1383.23, 2.18662, 38.3448
1383.8, 2.18681, 38.3478
1384.38, 2.1871, 38.3525
1384.96, 2.18743, 38.3579
1385.53, 2.18768, 38.3619
1386.11, 2.18807, 38.3682
1386.68, 2.1882, 38.3703
1387.26, 2.18846, 38.3745
1387.83, 2.18867, 38.3778
1388.41, 2.18895, 38.3824
1388.98, 2.18918, 38.3861
1389.57, 2.18949, 38.3912
1390.14, 2.18969, 38.3943
1390.72, 2.19, 38.3994
1391.29, 2.19026, 38.4036
1391.87, 2.1906, 38.4091
1392.44, 2.19085, 38.4131
1393.02, 2.19109, 38.417
1393.59, 2.19151, 38.4237
1394.17, 2.1918, 38.4284
1394.74, 2.19203, 38.4322
1395.31, 2.19244, 38.4388
1395.89, 2.19283, 38.445
1396.46, 2.19314, 38.4501
1397.04, 2.19344, 38.4548
1397.61, 2.1938, 38.4607
1398.19, 2.19405, 38.4647
1398.76, 2.19425, 38.4679
1399.33, 2.19459, 38.4735
1399.91, 2.19483, 38.4773
1400.48, 2.19505, 38.4809
1401.06, 2.19534, 38.4856
1401.63, 2.19566, 38.4906
1402.21, 2.19584, 38.4936
1402.79, 2.1961, 38.4978
1403.36, 2.19638, 38.5024
1403.94, 2.19664, 38.5066
1404.51, 2.19688, 38.5103
1405.09, 2.19705, 38.5132
1405.67, 2.19722, 38.5159
1406.24, 2.19747, 38.5199
1406.82, 2.19773, 38.5241
1407.39, 2.19798, 38.5282
1407.97, 2.19821, 38.5319
1408.54, 2.19847, 38.536
1409.12, 2.19866, 38.5391
1409.69, 2.19889, 38.5429
1410.27, 2.19907, 38.5457
1410.84, 2.19926, 38.5488
1411.42, 2.19956, 38.5537
1411.99, 2.19979, 38.5574
1412.56, 2.20005, 38.5616
1413.13, 2.20037, 38.5667
1413.71, 2.20051, 38.5691
1414.28, 2.20076, 38.573
1414.85, 2.201, 38.5769
1415.42, 2.20121, 38.5803
1416, 2.2015, 38.5849
1416.57, 2.20168, 38.5879
1417.15, 2.20187, 38.591
1417.73, 2.20212, 38.5949
1418.3, 2.20233, 38.5983
1418.88, 2.20258, 38.6023
1419.45, 2.20276, 38.6053
1420.02, 2.20298, 38.6088
1420.6, 2.20315, 38.6115
1421.18, 2.20337, 38.6152
1421.76, 2.20349, 38.617
1422.34, 2.20374, 38.6211
1422.91, 2.20393, 38.6242
1423.49, 2.20417, 38.6281
1424.06, 2.20438, 38.6314
1424.64, 2.20471, 38.6368
1425.21, 2.20486, 38.6393
1425.79, 2.20512, 38.6434
1426.36, 2.20545, 38.6487
1426.94, 2.20583, 38.6548
1427.51, 2.20604, 38.6583
1428.09, 2.20638, 38.6637
1428.66, 2.20667, 38.6684
1429.24, 2.20696, 38.6732
1429.82, 2.20723, 38.6775
1430.39, 2.20744, 38.6809
1430.97, 2.20769, 38.6849
1431.54, 2.20793, 38.6888
1432.12, 2.20815, 38.6923
1432.71, 2.20836, 38.6957
1433.28, 2.20866, 38.7006
1433.86, 2.20889, 38.7043
1434.43, 2.21006, 38.7232
1435.01, 2.20947, 38.7137
1435.58, 2.20977, 38.7185
1436.16, 2.21002, 38.7225
1436.73, 2.21035, 38.7278
1437.31, 2.2107, 38.7335
1437.88, 2.21108, 38.7396
1438.46, 2.21146, 38.7457
1439.03, 2.21177, 38.7507
1439.61, 2.21206, 38.7555
1440.18, 2.21242, 38.7613
1440.75, 2.21267, 38.7653
1441.33, 2.21295, 38.7698
1441.91, 2.21323, 38.7744
1442.48, 2.21355, 38.7795
1443.06, 2.21376, 38.7828
1443.64, 2.21402, 38.7871
1444.21, 2.21417, 38.7894
1444.79, 2.2144, 38.7933
1445.37, 2.21555, 38.8118
1445.94, 2.21495, 38.802
1446.52, 2.21538, 38.8091
1447.09, 2.21561, 38.8127
1447.66, 2.21594, 38.818
1448.24, 2.21615, 38.8215
1448.81, 2.2164, 38.8254
1449.39, 2.21672, 38.8306
1449.96, 2.21702, 38.8355
1450.54, 2.21734, 38.8407
1451.11, 2.21756, 38.8442
1451.69, 2.21785, 38.8489
1452.26, 2.21819, 38.8544
1452.83, 2.21838, 38.8574
1453.41, 2.21879, 38.8641
1453.98, 2.21917, 38.8702
1454.56, 2.21948, 38.8752
1455.13, 2.21983, 38.8808
1455.71, 2.22017, 38.8864
1456.28, 2.22049, 38.8915
1456.87, 2.22075, 38.8958
1457.44, 2.22103, 38.9002
1458.02, 2.22131, 38.9048
1458.59, 2.22153, 38.9083
1459.17, 2.22176, 38.912
1459.74, 2.22209, 38.9174
1460.32, 2.22223, 38.9196
1460.89, 2.22236, 38.9218
1461.47, 2.2226, 38.9256
1462.04, 2.22287, 38.9299
1462.61, 2.22312, 38.934
1463.18, 2.22327, 38.9364
1463.77, 2.22358, 38.9415
1464.35, 2.22376, 38.9443
1464.92, 2.22407, 38.9493
1465.5, 2.22429, 38.9528
1466.07, 2.22459, 38.9576
1466.64, 2.22485, 38.9619
1467.22, 2.22511, 38.9661
1467.79, 2.22523, 38.968
1468.37, 2.22556, 38.9734
1468.95, 2.22583, 38.9776
1469.52, 2.22614, 38.9827
1470.1, 2.22641, 38.9871
1470.67, 2.22652, 38.9889
1471.25, 2.22682, 38.9937
1471.82, 2.22712, 38.9986
1472.4, 2.22734, 39.002
1472.97, 2.22755, 39.0055
1473.54, 2.22785, 39.0104
1474.11, 2.22797, 39.0122
1474.69, 2.22824, 39.0166
1475.26, 2.22851, 39.021
1475.84, 2.22878, 39.0253
1476.42, 2.22905, 39.0296
1476.99, 2.22924, 39.0328
1477.58, 2.22947, 39.0365
1478.15, 2.22972, 39.0405
1478.72, 2.22997, 39.0445
1479.29, 2.23011, 39.0469
1479.88, 2.23047, 39.0526
1480.45, 2.23061, 39.0549
1481.02, 2.23095, 39.0603
1481.6, 2.23123, 39.0649
1482.17, 2.23153, 39.0698
1482.75, 2.23187, 39.0752
1483.32, 2.2322, 39.0805
1483.91, 2.23254, 39.0861
1484.48, 2.23286, 39.0911
1485.06, 2.23327, 39.0978
1485.63, 2.23346, 39.1009
1486.21, 2.23384, 39.107
1486.78, 2.23422, 39.1131
1487.36, 2.2346, 39.1193
1487.93, 2.23482, 39.1229
1488.51, 2.23517, 39.1285
1489.08, 2.23548, 39.1335
1489.66, 2.23569, 39.1369
1490.23, 2.23585, 39.1394
1490.81, 2.23609, 39.1433
1491.4, 2.23634, 39.1474
1491.97, 2.23655, 39.1508
1492.54, 2.23672, 39.1535
1493.13, 2.23699, 39.1578
1493.7, 2.23719, 39.1611
1494.27, 2.23736, 39.1638
1494.85, 2.23759, 39.1675
1495.42, 2.23778, 39.1705
1496, 2.23797, 39.1737
1496.57, 2.23818, 39.177
1497.14, 2.23841, 39.1807
1497.71, 2.23865, 39.1846
1498.29, 2.23879, 39.1868
1498.88, 2.23908, 39.1915
1499.45, 2.23925, 39.1943
1500.02, 2.23951, 39.1986
1500.6, 2.23978, 39.2029
1501.17, 2.23998, 39.2062
1501.75, 2.2402, 39.2097
1502.32, 2.24038, 39.2125
1502.9, 2.24062, 39.2165
1503.48, 2.24084, 39.2201
1504.05, 2.2411, 39.2241
1504.63, 2.2413, 39.2274
1505.2, 2.24148, 39.2304
1505.77, 2.24174, 39.2345
1506.35, 2.24199, 39.2386
1506.92, 2.24222, 39.2422
1507.49, 2.24246, 39.2461
1508.07, 2.24262, 39.2487
1508.64, 2.24283, 39.2521
1509.22, 2.24305, 39.2557
1509.79, 2.24319, 39.258
1510.37, 2.24341, 39.2615
1510.95, 2.24362, 39.2648
1511.52, 2.24382, 39.2681
1512.1, 2.24394, 39.27
1512.67, 2.24404, 39.2717
1513.25, 2.24419, 39.274
1513.83, 2.2444, 39.2775
1514.4, 2.24454, 39.2798
1514.97, 2.24479, 39.2837
1515.55, 2.245, 39.2871
1516.12, 2.24518, 39.2901
1516.7, 2.24538, 39.2934
1517.28, 2.24571, 39.2985
1517.85, 2.2459, 39.3017
1518.44, 2.24616, 39.3058
1519.01, 2.24632, 39.3084
1519.59, 2.24656, 39.3122
1520.16, 2.24678, 39.3159
1520.74, 2.24699, 39.3193
1521.31, 2.24722, 39.323
1521.89, 2.24745, 39.3266
1522.46, 2.24769, 39.3306
1523.04, 2.24802, 39.336
1523.61, 2.24826, 39.3397
1524.2, 2.24867, 39.3464
1524.77, 2.24892, 39.3504
1525.34, 2.24925, 39.3558
1525.91, 2.24959, 39.3612
1526.49, 2.24988, 39.3659
1527.06, 2.25018, 39.3708
1527.63, 2.25056, 39.3769
1528.21, 2.25077, 39.3803
1528.78, 2.25108, 39.3852
1529.36, 2.25132, 39.3891
1529.93, 2.25152, 39.3924
1530.51, 2.25166, 39.3947
1531.08, 2.25195, 39.3993
1531.65, 2.25211, 39.402
1532.22, 2.25234, 39.4057
1532.8, 2.25257, 39.4094
1533.37, 2.25283, 39.4135
1533.95, 2.25307, 39.4175
1534.52, 2.2534, 39.4226
1535.1, 2.25367, 39.4271
1535.67, 2.25383, 39.4297
1536.25, 2.25414, 39.4347
1536.82, 2.25442, 39.4392
1537.39, 2.25462, 39.4425
1537.96, 2.25497, 39.448
1538.54, 2.25534, 39.454
1539.11, 2.25561, 39.4585
1539.69, 2.25592, 39.4634
1540.26, 2.25628, 39.4691
1540.84, 2.25671, 39.4761
1541.41, 2.25695, 39.48
1541.99, 2.25729, 39.4855
1542.57, 2.25765, 39.4914
1543.14, 2.25804, 39.4977
1543.71, 2.25834, 39.5024
1544.28, 2.25872, 39.5087
1544.86, 2.25914, 39.5153
1545.43, 2.25941, 39.5197
1546, 2.25987, 39.5271
1546.58, 2.26026, 39.5334
1547.15, 2.26055, 39.5382
1547.73, 2.26098, 39.5452
1548.3, 2.26143, 39.5523
1548.88, 2.26174, 39.5573
1549.46, 2.26206, 39.5625
1550.04, 2.26245, 39.5687
1550.61, 2.26269, 39.5726
1551.18, 2.26303, 39.5781
1551.75, 2.26324, 39.5816
1552.33, 2.26358, 39.5871
1552.9, 2.2639, 39.5923
1553.48, 2.2642, 39.597
1554.06, 2.26454, 39.6025
1554.64, 2.26481, 39.6069
1555.21, 2.26519, 39.613
1555.79, 2.26552, 39.6183
1556.36, 2.2659, 39.6244
1556.94, 2.26619, 39.6292
1557.53, 2.2664, 39.6325
1558.1, 2.26669, 39.6373
1558.67, 2.26697, 39.6418
1559.26, 2.26724, 39.6461
1559.83, 2.26762, 39.6522
1560.41, 2.26794, 39.6574
1560.98, 2.26838, 39.6646
1561.56, 2.26879, 39.6712
1562.14, 2.2693, 39.6793
1562.71, 2.26973, 39.6863
1563.29, 2.27018, 39.6936
1563.86, 2.27057, 39.6998
1564.44, 2.271, 39.7068
1565.01, 2.27146, 39.7143
1565.58, 2.27191, 39.7216
1566.16, 2.27205, 39.7238
1566.73, 2.27257, 39.7322
1567.31, 2.27277, 39.7355
1567.88, 2.27319, 39.7422
1568.46, 2.27354, 39.7477
1569.03, 2.27385, 39.7529
1569.61, 2.27413, 39.7573
1570.18, 2.27444, 39.7623
1570.75, 2.27465, 39.7657
1571.34, 2.27496, 39.7708
1571.91, 2.2752, 39.7746
1572.5, 2.27547, 39.779
1573.07, 2.27584, 39.7849
1573.64, 2.27608, 39.7888
1574.22, 2.27646, 39.795
1574.79, 2.27683, 39.8009
1575.37, 2.27713, 39.8057
1575.94, 2.27741, 39.8103
1576.52, 2.27772, 39.8152
1577.1, 2.278, 39.8199
1577.67, 2.27834, 39.8252
1578.24, 2.2786, 39.8295
1578.82, 2.27892, 39.8347
1579.39, 2.2792, 39.8392
1579.97, 2.27944, 39.843
1580.54, 2.27973, 39.8478
1581.12, 2.28006, 39.8531
1581.69, 2.28043, 39.8591
1582.27, 2.28071, 39.8635
1582.84, 2.28102, 39.8686
1583.41, 2.28132, 39.8734
1583.98, 2.28149, 39.8761
1584.56, 2.28173, 39.8801
1585.13, 2.28197, 39.8838
1585.71, 2.28209, 39.8858
1586.28, 2.2823, 39.8892
1586.86, 2.28244, 39.8915
1587.43, 2.28264, 39.8946
1588, 2.28282, 39.8976
1588.58, 2.28309, 39.9019
1589.16, 2.28331, 39.9056
1589.73, 2.28355, 39.9093
1590.3, 2.28361, 39.9103
1590.87, 2.2838, 39.9134
1591.45, 2.28403, 39.9172
1592.02, 2.28411, 39.9184
1592.6, 2.2843, 39.9214
1593.17, 2.28451, 39.9248
1593.75, 2.2846, 39.9264
1594.32, 2.28468, 39.9277
1594.91, 2.28481, 39.9298
1595.48, 2.28497, 39.9323
1596.05, 2.28513, 39.9348
1596.63, 2.28536, 39.9385
1597.2, 2.28545, 39.94
1597.78, 2.28571, 39.9443
1598.35, 2.28587, 39.9468
1598.92, 2.28603, 39.9494
1599.49, 2.28641, 39.9556
1600.08, 2.28659, 39.9585
1600.65, 2.28669, 39.9601
1601.22, 2.28678, 39.9615
1601.8, 2.28694, 39.9641
1602.37, 2.28716, 39.9676
1602.95, 2.28735, 39.9708
1603.52, 2.28752, 39.9735
1604.11, 2.28781, 39.9782
1604.68, 2.288, 39.9813
1605.25, 2.28827, 39.9856
1605.83, 2.28851, 39.9894
1606.4, 2.28868, 39.9922
1606.98, 2.28887, 39.9953
1607.55, 2.28917, 40.0001
1608.13, 2.28934, 40.0028
1608.71, 2.28953, 40.0058
1609.29, 2.28965, 40.0078
1609.86, 2.28976, 40.0096
1610.43, 2.28996, 40.0129
1611.01, 2.29017, 40.0163
1611.58, 2.29034, 40.0189
1612.16, 2.29053, 40.0221
1612.73, 2.29072, 40.0251
1613.31, 2.29089, 40.0279
1613.88, 2.29099, 40.0294
1614.46, 2.29111, 40.0315
1615.03, 2.29131, 40.0346
1615.61, 2.29145, 40.0369
1616.19, 2.29168, 40.0406
1616.76, 2.29177, 40.0421
1617.34, 2.2919, 40.0442
1617.91, 2.29205, 40.0466
1618.49, 2.29225, 40.0499
1619.06, 2.29243, 40.0528
1619.65, 2.29263, 40.056
1620.22, 2.29274, 40.0577
1620.79, 2.29303, 40.0625
1621.36, 2.29318, 40.0649
1621.94, 2.29329, 40.0666
1622.53, 2.29359, 40.0715
1623.1, 2.29383, 40.0754
1623.68, 2.29403, 40.0786
1624.25, 2.29431, 40.083
1624.83, 2.29462, 40.088
1625.4, 2.29482, 40.0914
1625.98, 2.29512, 40.0961
1626.55, 2.29533, 40.0995
1627.12, 2.29552, 40.1026
1627.7, 2.2957, 40.1055
1628.27, 2.29594, 40.1094
1628.85, 2.29612, 40.1124
1629.42, 2.29635, 40.116
1630, 2.29658, 40.1197
1630.57, 2.29688, 40.1245
1631.15, 2.2971, 40.1281
1631.74, 2.29731, 40.1315
1632.31, 2.29747, 40.134
1632.88, 2.29765, 40.137
1633.47, 2.29785, 40.1403
1634.04, 2.29802, 40.1429
1634.61, 2.29831, 40.1476
1635.19, 2.29943, 40.1658
1635.78, 2.29877, 40.1551
1636.35, 2.29907, 40.16
1636.93, 2.29936, 40.1645
1637.51, 2.29956, 40.1678
1638.08, 2.29985, 40.1725
1638.66, 2.29997, 40.1745
1639.23, 2.3003, 40.1797
1639.81, 2.30057, 40.1841
1640.38, 2.30076, 40.1872
1640.96, 2.30099, 40.1908
1641.54, 2.3012, 40.1942
1642.11, 2.30143, 40.1979
1642.68, 2.30154, 40.1998
1643.26, 2.30171, 40.2026
1643.83, 2.30192, 40.2059
1644.41, 2.30204, 40.2078
1644.98, 2.30223, 40.2109
1645.55, 2.30237, 40.2132
1646.12, 2.30254, 40.2159
1646.69, 2.30262, 40.2171
1647.27, 2.30276, 40.2195
1647.84, 2.30285, 40.2209
1648.41, 2.30393, 40.2383
1648.99, 2.30314, 40.2257
1649.56, 2.3033, 40.2283
1650.14, 2.30338, 40.2295
1650.72, 2.30349, 40.2313
1651.29, 2.30371, 40.2348
1651.87, 2.30378, 40.236
1652.44, 2.30396, 40.2389
1653.02, 2.30419, 40.2425
1653.59, 2.30433, 40.2449
1654.17, 2.30458, 40.2488
1654.74, 2.30478, 40.252
1655.31, 2.30488, 40.2537
1655.89, 2.30507, 40.2568
1656.46, 2.30534, 40.2611
1657.04, 2.30554, 40.2644
1657.61, 2.30566, 40.2663
1658.2, 2.30599, 40.2717
1658.77, 2.3061, 40.2734
1659.35, 2.30633, 40.2771
1659.92, 2.30662, 40.2817
1660.5, 2.30692, 40.2866
1661.07, 2.30722, 40.2915
1661.65, 2.30751, 40.2962
1662.22, 2.30784, 40.3015
1662.8, 2.30812, 40.306
1663.37, 2.30833, 40.3094
1663.94, 2.3087, 40.3153
1664.52, 2.30884, 40.3176
1665.1, 2.30918, 40.3231
1665.67, 2.30936, 40.3259
1666.24, 2.30963, 40.3304
1666.82, 2.30984, 40.3338
1667.39, 2.31002, 40.3367
1667.97, 2.31019, 40.3394
1668.54, 2.31048, 40.3441
1669.12, 2.31075, 40.3485
1669.69, 2.31095, 40.3516
1670.27, 2.31124, 40.3564
1670.84, 2.31155, 40.3614
1671.43, 2.31173, 40.3643
1672, 2.31218, 40.3715
1672.57, 2.31246, 40.3761
1673.15, 2.31271, 40.3801
1673.72, 2.31295, 40.3839
1674.3, 2.31325, 40.3888
1674.87, 2.31338, 40.3909
1675.45, 2.31378, 40.3973
1676.02, 2.31415, 40.4033
1676.6, 2.31445, 40.4081
1677.17, 2.31474, 40.4129
1677.75, 2.31501, 40.4172
1678.32, 2.31534, 40.4225
1678.9, 2.31567, 40.4279
1679.47, 2.31598, 40.4329
1680.06, 2.31627, 40.4375
1680.63, 2.31663, 40.4434
1681.2, 2.31698, 40.449
1681.78, 2.31713, 40.4514
1682.35, 2.31744, 40.4565
1682.92, 2.31773, 40.461
1683.49, 2.31806, 40.4664
1684.07, 2.31838, 40.4717
1684.64, 2.31856, 40.4746
1685.23, 2.3189, 40.4799
1685.81, 2.3191, 40.4832
1686.38, 2.31943, 40.4886
1686.95, 2.30347, 40.2309
1687.53, 2.32007, 40.4988
1688.1, 2.32137, 40.5198
1688.68, 2.30376, 40.2355
1689.25, 2.31986, 40.4954
1689.83, 2.32212, 40.532
1690.4, 2.30436, 40.2453
1690.98, 2.32024, 40.5017
1691.56, 2.3228, 40.543
1692.13, 2.30461, 40.2494
1692.72, 2.32092, 40.5126
1693.29, 2.32351, 40.5545
1693.87, 2.30266, 40.2179
1694.44, 2.32166, 40.5245
1695.02, 2.32416, 40.5649
1695.59, 2.3245, 40.5704
1696.17, 2.30679, 40.2845
1696.74, 2.32256, 40.5391
1697.32, 2.3251, 40.5801
1697.89, 2.32539, 40.5848
1698.47, 2.30775, 40.3
1699.04, 2.32355, 40.555
1699.62, 2.32613, 40.5967
1700.2, 2.32645, 40.6019
1700.77, 2.30884, 40.3177
1701.34, 2.32458, 40.5716
1701.92, 2.32703, 40.6112
1702.49, 2.3273, 40.6155
1703.07, 2.30954, 40.329
1703.64, 2.32525, 40.5826
1704.21, 2.32763, 40.6209
1704.79, 2.32784, 40.6243
1705.36, 2.30999, 40.3363
1705.94, 2.32563, 40.5887
1706.51, 2.32796, 40.6263
1707.08, 2.32811, 40.6287
1707.66, 2.31023, 40.3401
1708.23, 2.32597, 40.5941
1708.81, 2.3283, 40.6317
1709.38, 2.32836, 40.6327
1709.96, 2.31058, 40.3457
1710.54, 2.32641, 40.6012
1711.11, 2.32872, 40.6385
1711.69, 2.32898, 40.6428
1712.27, 2.31122, 40.3561
1712.84, 2.32697, 40.6102
1713.42, 2.32935, 40.6487
1713.99, 2.3296, 40.6527
1714.57, 2.31178, 40.365
1715.14, 2.32761, 40.6205
1715.71, 2.3299, 40.6576
1716.29, 2.33012, 40.6612
1716.87, 2.3123, 40.3735
1717.44, 2.32804, 40.6275
1718.02, 2.33036, 40.6649
1718.59, 2.33042, 40.6659
1719.17, 2.31265, 40.3792
1719.76, 2.32823, 40.6305
1720.33, 2.33055, 40.6681
1720.91, 2.33065, 40.6697
1721.48, 2.31262, 40.3786
1722.06, 2.3284, 40.6334
1722.63, 2.33068, 40.6702
1723.21, 2.33073, 40.671
1723.78, 2.31276, 40.3809
1724.36, 2.3283, 40.6317
1724.93, 2.33047, 40.6668
1725.51, 2.33073, 40.671
1726.08, 2.31269, 40.3798
1726.66, 2.32839, 40.6333
1727.24, 2.33045, 40.6665
1727.81, 2.33049, 40.6671
1728.39, 2.31253, 40.3771
1728.96, 2.32819, 40.6299
1729.53, 2.33021, 40.6626
1730.11, 2.33028, 40.6637
1730.68, 2.31223, 40.3723
1731.26, 2.32785, 40.6245
1731.84, 2.33002, 40.6595
1732.41, 2.33006, 40.6601
1732.99, 2.31208, 40.3699
1733.56, 2.32754, 40.6194
1734.14, 2.32968, 40.654
1734.71, 2.32972, 40.6547
1735.29, 2.31167, 40.3632
1735.86, 2.3273, 40.6155
1736.43, 2.32941, 40.6496
1737.01, 2.32941, 40.6497
1737.58, 2.31145, 40.3598
1738.16, 2.32701, 40.611
1738.73, 2.32915, 40.6454
1739.31, 2.32919, 40.6462
1739.88, 2.31113, 40.3545
1740.45, 2.32668, 40.6056
1741.03, 2.32886, 40.6408
1741.6, 2.32881, 40.64
1742.18, 2.31089, 40.3508
1742.75, 2.32657, 40.6038
1743.32, 2.3286, 40.6366
1743.9, 2.3286, 40.6365
1744.47, 2.31082, 40.3495
1745.05, 2.32643, 40.6015
1745.63, 2.32859, 40.6365
1746.2, 2.32847, 40.6345
1746.78, 2.31048, 40.3441
1747.35, 2.32602, 40.595
1747.93, 2.32803, 40.6273
1748.5, 2.3279, 40.6253
1749.08, 2.30988, 40.3343
1749.65, 2.32533, 40.5837
1750.22, 2.3273, 40.6156
1750.8, 2.32716, 40.6133
1751.37, 2.30914, 40.3225
1751.94, 2.32458, 40.5716
1752.52, 2.32655, 40.6034
1753.09, 2.32651, 40.6028
1753.66, 2.30848, 40.3117
1754.24, 2.3239, 40.5607
1754.81, 2.32599, 40.5945
1755.39, 2.32595, 40.5937
1755.96, 2.30792, 40.3027
1756.54, 2.32343, 40.5531
1757.12, 2.32557, 40.5876
1757.69, 2.29441, 40.0847
1758.27, 2.32322, 40.5497
1758.85, 2.32534, 40.5839
1759.42, 2.30182, 40.2042
1760.01, 2.32274, 40.542
1760.58, 2.32488, 40.5765
1761.15, 2.30448, 40.2473
1761.73, 2.32234, 40.5355
1762.3, 2.32438, 40.5684
1762.88, 2.30619, 40.2748
1763.45, 2.32171, 40.5253
1764.03, 2.32382, 40.5595
1764.6, 2.30547, 40.2632
1765.18, 2.32091, 40.5125
1765.75, 2.32302, 40.5465
1766.34, 2.30468, 40.2504
1766.91, 2.32022, 40.5014
1767.49, 2.32233, 40.5353
1768.06, 2.30415, 40.2419
1768.64, 2.3196, 40.4912
1769.21, 2.32166, 40.5246
1769.78, 2.30355, 40.2323
1770.36, 2.31903, 40.4821
1770.94, 2.32117, 40.5166
1771.51, 2.30303, 40.2238
1772.09, 2.31852, 40.4738
1772.66, 2.32059, 40.5073
1773.24, 2.30241, 40.2138
1773.82, 2.31773, 40.4611
1774.39, 2.3198, 40.4946
1774.97, 2.30157, 40.2002
1775.55, 2.31702, 40.4496
1776.12, 2.31901, 40.4817
1776.7, 2.30073, 40.1868
1777.27, 2.31604, 40.4339
1777.85, 2.31815, 40.468
1778.43, 2.29988, 40.173
1779, 2.31514, 40.4192
1779.58, 2.31713, 40.4514
1780.15, 2.29889, 40.157
1780.73, 2.3141, 40.4026
1781.3, 2.31603, 40.4337
1781.87, 2.29777, 40.139
1782.45, 2.31307, 40.3858
1783.02, 2.315, 40.417
1783.59, 2.29675, 40.1224
1784.17, 2.31194, 40.3677
1784.75, 2.31404, 40.4016
1785.32, 2.29568, 40.1052
1785.9, 2.31091, 40.351
1786.47, 2.31306, 40.3857
1787.05, 2.29483, 40.0915
1787.62, 2.31003, 40.3368
1788.2, 2.31219, 40.3717
1788.77, 2.29401, 40.0783
1789.35, 2.30922, 40.3238
1789.92, 2.31122, 40.3561
1790.5, 2.2933, 40.0668
1791.07, 2.3082, 40.3073
1791.65, 2.31031, 40.3414
1792.22, 2.29525, 40.0982
1792.8, 2.30714, 40.2902
1793.37, 2.30929, 40.3249
1793.94, 2.30635, 40.2775
1794.52, 2.30611, 40.2735
1795.09, 2.30596, 40.2711
1795.66, 2.3055, 40.2636
1796.24, 2.30532, 40.2607
1796.82, 2.3053, 40.2604
1797.4, 2.30518, 40.2585
1797.98, 2.30508, 40.257
1798.56, 2.30493, 40.2545
1799.14, 2.30479, 40.2523
1799.72, 2.30465, 40.2499
1800.3, 2.3044, 40.246
1800.88, 2.30415, 40.2419
1801.45, 2.30408, 40.2407
1802.03, 2.30379, 40.2361
1802.61, 2.30363, 40.2335
1803.18, 2.30339, 40.2297
1803.76, 2.30321, 40.2267
1804.33, 2.30306, 40.2242
1804.91, 2.30288, 40.2214
1805.49, 2.30272, 40.2188
1806.06, 2.30242, 40.214
1806.63, 2.30225, 40.2113
1807.21, 2.30199, 40.2071
1807.78, 2.30173, 40.2029
1808.35, 2.3015, 40.1991
1808.94, 2.30128, 40.1956
1809.51, 2.30115, 40.1934
1810.09, 2.30101, 40.1912
1810.66, 2.30083, 40.1883
1811.24, 2.30061, 40.1848
1811.82, 2.30055, 40.1838
1812.39, 2.30046, 40.1824
1812.97, 2.30031, 40.1799
1813.54, 2.3002, 40.1782
1814.12, 2.30005, 40.1757
1814.69, 2.29995, 40.1741
1815.27, 2.29983, 40.1722
1815.84, 2.29957, 40.168
1816.42, 2.29941, 40.1654
1816.99, 2.29926, 40.1629
1817.57, 2.29909, 40.1603
1818.14, 2.29886, 40.1565
1818.72, 2.29867, 40.1535
1819.3, 2.2985, 40.1507
1819.87, 2.29835, 40.1483
1820.45, 2.2982, 40.1459
1821.02, 2.29793, 40.1415
1821.59, 2.29777, 40.139
1822.16, 2.29751, 40.1347
1822.74, 2.29726, 40.1306
1823.31, 2.29701, 40.1266
1823.9, 2.29682, 40.1236
1824.47, 2.29664, 40.1207
1825.04, 2.29643, 40.1172
1825.62, 2.29621, 40.1137
1826.19, 2.29603, 40.1108
1826.76, 2.29578, 40.1068
1827.35, 2.29563, 40.1043
1827.93, 2.29542, 40.101
1828.51, 2.29523, 40.098
1829.08, 2.29507, 40.0954
1829.66, 2.29486, 40.092
1830.23, 2.29478, 40.0907
1830.81, 2.29461, 40.0879
1831.38, 2.29444, 40.0851
1831.96, 2.29438, 40.0841
1832.54, 2.29428, 40.0825
1833.11, 2.29418, 40.0809
1833.69, 2.29416, 40.0806
1834.26, 2.2941, 40.0797
1834.84, 2.29414, 40.0803
1835.41, 2.29405, 40.0789
1835.99, 2.29408, 40.0794
1836.56, 2.29399, 40.0779
1837.14, 2.29395, 40.0773
1837.71, 2.29391, 40.0767
1838.29, 2.29391, 40.0767
1838.86, 2.29383, 40.0754
1839.44, 2.29371, 40.0734
1840.02, 2.29364, 40.0722
1840.59, 2.29357, 40.0711
1841.17, 2.29346, 40.0694
1841.74, 2.29331, 40.0669
1842.32, 2.29321, 40.0653
1842.89, 2.29319, 40.065
1843.47, 2.29312, 40.0639
1844.04, 2.29303, 40.0625
1844.62, 2.2929, 40.0603
1845.19, 2.29285, 40.0594
1845.77, 2.2929, 40.0603
1846.34, 2.29277, 40.0582
1846.91, 2.2928, 40.0587
1847.49, 2.29278, 40.0584
1848.06, 2.2927, 40.0571
1848.65, 2.29272, 40.0574
1849.22, 2.29269, 40.057
1849.79, 2.2927, 40.057
1850.37, 2.29272, 40.0573
1850.96, 2.29266, 40.0564
1851.53, 2.29277, 40.0582
1852.1, 2.29272, 40.0574
1852.69, 2.29269, 40.0569
1853.26, 2.29274, 40.0577
1853.83, 2.29275, 40.0579
1854.41, 2.29278, 40.0585
1854.99, 2.29275, 40.0578
1855.56, 2.29283, 40.0592
1856.14, 2.2929, 40.0603
1856.71, 2.2929, 40.0603
1857.29, 2.29297, 40.0615
1857.86, 2.2931, 40.0635
1858.45, 2.29312, 40.0638
1859.03, 2.29326, 40.066
1859.61, 2.29329, 40.0666
1860.21, 2.29327, 40.0663
1860.78, 2.29341, 40.0686
1861.36, 2.29337, 40.0679
1861.93, 2.29331, 40.067
1862.51, 2.2934, 40.0683
1863.08, 2.2934, 40.0684
1863.67, 2.29341, 40.0685
1864.24, 2.29341, 40.0685
1864.81, 2.29337, 40.0679
1865.38, 2.29337, 40.0679
1865.97, 2.29339, 40.0682
1866.54, 2.29346, 40.0693
1867.12, 2.2935, 40.07
1867.69, 2.29349, 40.0699
1868.27, 2.29361, 40.0717
1868.84, 2.29366, 40.0726
1869.41, 2.29385, 40.0757
1870, 2.29391, 40.0767
1870.57, 2.29404, 40.0787
1871.15, 2.29413, 40.0802
1871.72, 2.29429, 40.0827
1872.3, 2.29438, 40.0842
1872.87, 2.2945, 40.0861
1873.45, 2.29453, 40.0866
1874.02, 2.29463, 40.0882
1874.6, 2.29468, 40.0891
1875.17, 2.29474, 40.09
1875.75, 2.2957, 40.1055
1876.33, 2.29484, 40.0916
1876.9, 2.29491, 40.0927
1877.49, 2.29499, 40.094
1878.06, 2.2951, 40.0959
1878.64, 2.29523, 40.0979
1879.21, 2.29551, 40.1025
1879.79, 2.29569, 40.1054
1880.36, 2.29582, 40.1074
1880.94, 2.29601, 40.1106
1881.51, 2.29623, 40.114
1882.09, 2.29636, 40.1162
1882.66, 2.2964, 40.1168
1883.24, 2.29654, 40.1191
1883.81, 2.2967, 40.1216
1884.39, 2.29674, 40.1222
1884.96, 2.29677, 40.1228
1885.54, 2.29689, 40.1247
1886.11, 2.29693, 40.1253
1886.7, 2.29694, 40.1256
1887.27, 2.29703, 40.127
1887.85, 2.29693, 40.1253
1888.42, 2.29698, 40.1262
1888.99, 2.29708, 40.1278
1889.57, 2.29714, 40.1288
1890.14, 2.29715, 40.129
1890.72, 2.29716, 40.1291
1891.29, 2.29725, 40.1306
1891.87, 2.29725, 40.1306
1892.44, 2.29824, 40.1466
1893.02, 2.29734, 40.1319
1893.59, 2.29746, 40.1338
1894.16, 2.2975, 40.1346
1894.73, 2.29765, 40.1369
1895.31, 2.29774, 40.1384
1895.88, 2.29781, 40.1396
1896.46, 2.29788, 40.1407
1897.03, 2.29803, 40.1431
1897.6, 2.29805, 40.1434
1898.18, 2.29806, 40.1437
1898.75, 2.29821, 40.1461
1899.33, 2.2983, 40.1475
1899.9, 2.2983, 40.1474
1900.47, 2.29836, 40.1485
1901.05, 2.29841, 40.1492
1901.63, 2.29844, 40.1498
1902.2, 2.29842, 40.1494
1902.77, 2.29852, 40.151
1903.34, 2.29857, 40.1519
1903.92, 2.2986, 40.1523
1904.49, 2.29877, 40.1551
1905.06, 2.29883, 40.1561
1905.63, 2.29895, 40.158
1906.2, 2.29902, 40.1592
1906.78, 2.2992, 40.162
1907.35, 2.2993, 40.1636
1907.93, 2.29933, 40.1641
1908.51, 2.29944, 40.1659
1909.09, 2.29942, 40.1655
1909.66, 2.29952, 40.1672
1910.24, 2.29954, 40.1675
1910.82, 2.29965, 40.1693
1911.39, 2.29978, 40.1714
1911.97, 2.29989, 40.1732
1912.54, 2.3, 40.175
1913.12, 2.30007, 40.176
1913.69, 2.30033, 40.1803
1914.27, 2.3005, 40.183
1914.84, 2.30061, 40.1847
1915.42, 2.30074, 40.1868
1915.99, 2.30091, 40.1896
1916.57, 2.30111, 40.1929
1917.14, 2.30113, 40.1931
1917.71, 2.30132, 40.1962
1918.28, 2.30153, 40.1997
1918.86, 2.30171, 40.2025
1919.43, 2.3019, 40.2056
1920.01, 2.3021, 40.2089
1920.58, 2.30223, 40.2109
1921.16, 2.30237, 40.2131
1921.73, 2.30255, 40.2161
1922.31, 2.30268, 40.2182
1922.88, 2.30278, 40.2197
1923.46, 2.30286, 40.221
1924.03, 2.30293, 40.2223
1924.61, 2.30305, 40.2241
1925.18, 2.30308, 40.2247
1925.76, 2.30317, 40.2261
1926.33, 2.30328, 40.2279
1926.92, 2.30335, 40.2289
1927.49, 2.30349, 40.2312
1928.06, 2.30361, 40.2332
1928.64, 2.30377, 40.2357
1929.21, 2.30395, 40.2386
1929.79, 2.30404, 40.2401
1930.36, 2.3041, 40.2411
1930.94, 2.30418, 40.2423
1931.51, 2.30432, 40.2447
1932.09, 2.30439, 40.2457
1932.66, 2.30445, 40.2467
1933.24, 2.30459, 40.2491
1933.81, 2.30469, 40.2507
1934.39, 2.30479, 40.2523
1934.96, 2.3049, 40.254
1935.54, 2.30512, 40.2575
1936.12, 2.30519, 40.2587
1936.69, 2.30542, 40.2624
1937.27, 2.3055, 40.2636
1937.84, 2.30568, 40.2665
1938.41, 2.30586, 40.2694
1938.98, 2.30602, 40.272
1939.56, 2.30622, 40.2754
1940.13, 2.30618, 40.2746
1940.7, 2.30644, 40.2789
1941.27, 2.30661, 40.2816
1941.85, 2.30674, 40.2837
1942.42, 2.30705, 40.2887
1943, 2.30725, 40.292
1943.57, 2.30744, 40.2949
1944.15, 2.3076, 40.2976
1944.72, 2.30785, 40.3016
1945.3, 2.30812, 40.306
1945.87, 2.30828, 40.3085
1946.45, 2.30861, 40.3139
1947.02, 2.30898, 40.3198
1947.59, 2.30914, 40.3225
1948.17, 2.30944, 40.3273
1948.74, 2.30981, 40.3333
1949.33, 2.31, 40.3364
1949.9, 2.31017, 40.339
1950.49, 2.31041, 40.343
1951.06, 2.31063, 40.3465
1951.63, 2.31076, 40.3486
1952.21, 2.31098, 40.3521
1952.78, 2.31119, 40.3556
1953.35, 2.31135, 40.3582
1953.92, 2.31157, 40.3616
1954.5, 2.31179, 40.3652
1955.07, 2.31185, 40.3662
1955.65, 2.31209, 40.3701
1956.22, 2.3123, 40.3734
1956.8, 2.31248, 40.3764
1957.37, 2.31264, 40.3789
1957.95, 2.31281, 40.3818
1958.52, 2.31308, 40.386
1959.1, 2.3133, 40.3897
1959.67, 2.31344, 40.3918
1960.25, 2.31363, 40.395
1960.82, 2.31392, 40.3996
1961.4, 2.31414, 40.4032
1961.97, 2.31428, 40.4054
1962.54, 2.31458, 40.4103
1963.13, 2.31477, 40.4134
1963.7, 2.31506, 40.418
1964.27, 2.31523, 40.4207
1964.85, 2.31549, 40.425
1965.42, 2.31574, 40.4289
1966, 2.31596, 40.4325
1966.57, 2.31625, 40.4372
1967.16, 2.31651, 40.4415
1967.74, 2.31682, 40.4465
1968.31, 2.31673, 40.4449
1968.89, 2.31703, 40.4498
1969.46, 2.31729, 40.4539
1970.05, 2.31793, 40.4644
1970.62, 2.30162, 40.201
1971.21, 2.31867, 40.4762
1971.78, 2.32, 40.4977
1972.36, 2.30233, 40.2126
1972.93, 2.31855, 40.4743
1973.51, 2.32074, 40.5097
1974.08, 2.30311, 40.2252
1974.66, 2.31891, 40.4802
1975.24, 2.32135, 40.5195
1975.81, 2.30364, 40.2336
1976.39, 2.31953, 40.4901
1976.96, 2.32209, 40.5315
1977.55, 2.30404, 40.2402
1978.12, 2.32032, 40.5029
1978.7, 2.32278, 40.5427
1979.27, 2.30444, 40.2466
1979.84, 2.32107, 40.515
1980.42, 2.32353, 40.5547
1981, 2.29664, 40.1208
1981.57, 2.32181, 40.527
1982.15, 2.32428, 40.5668
1982.73, 2.32451, 40.5706
1983.3, 2.30692, 40.2867
1983.89, 2.3227, 40.5413
1984.46, 2.32514, 40.5807
1985.03, 2.32542, 40.5852
1985.61, 2.30774, 40.2999
1986.18, 2.32355, 40.555
1986.76, 2.32595, 40.5937
1987.33, 2.32628, 40.599
1987.91, 2.30872, 40.3156
1988.48, 2.32448, 40.5701
1989.05, 2.32686, 40.6085
1989.63, 2.32721, 40.6142
1990.2, 2.30966, 40.3308
1990.78, 2.32552, 40.5868
1991.35, 2.32796, 40.6263
1991.93, 2.32832, 40.632
1992.51, 2.3106, 40.3461
1993.08, 2.32642, 40.6014
1993.66, 2.32866, 40.6375
1994.23, 2.32894, 40.6421
1994.81, 2.31125, 40.3565
1995.38, 2.32707, 40.6118
1995.96, 2.32932, 40.6483
1996.53, 2.32952, 40.6514
1997.11, 2.31184, 40.3661
1997.68, 2.32748, 40.6185
1998.25, 2.32975, 40.6551
1998.83, 2.32996, 40.6585
1999.4, 2.31223, 40.3723
1999.98, 2.32802, 40.6272
2000.55, 2.3303, 40.664
2001.13, 2.33056, 40.6683
2001.71, 2.31278, 40.3813
2002.29, 2.32854, 40.6356
2002.86, 2.33082, 40.6723
2003.44, 2.33086, 40.6731
2004.01, 2.31311, 40.3865
2004.58, 2.32892, 40.6417
2005.16, 2.33109, 40.6768
2005.73, 2.33127, 40.6796
2006.31, 2.31351, 40.393
2006.88, 2.32937, 40.6489
2007.47, 2.33156, 40.6843
2008.04, 2.3318, 40.6882
2008.62, 2.31392, 40.3995
2009.19, 2.32977, 40.6555
2009.77, 2.3319, 40.6898
2010.34, 2.3321, 40.693
2010.93, 2.3143, 40.4057
2011.5, 2.33005, 40.6599
2012.07, 2.33236, 40.6972
2012.65, 2.3325, 40.6995
2013.23, 2.31472, 40.4125
2013.8, 2.33048, 40.6669
2014.38, 2.33255, 40.7004
2014.95, 2.33267, 40.7023
2015.53, 2.31482, 40.4141
2016.1, 2.33051, 40.6674
2016.68, 2.3325, 40.6995
2017.25, 2.33254, 40.7002
2017.83, 2.31451, 40.4092
2018.4, 2.33021, 40.6626
2018.99, 2.33218, 40.6943
2019.56, 2.33225, 40.6955
2020.14, 2.31428, 40.4054
2020.71, 2.32995, 40.6584
2021.29, 2.332, 40.6914
2021.87, 2.33192, 40.6902
2022.44, 2.31399, 40.4007
2023.02, 2.32966, 40.6537
2023.59, 2.33154, 40.6839
2024.16, 2.33155, 40.6842
2024.74, 2.31351, 40.393
2025.31, 2.32914, 40.6453
2025.89, 2.33112, 40.6773
2026.46, 2.33112, 40.6772
2027.04, 2.31306, 40.3857
2027.61, 2.32863, 40.637
2028.19, 2.33066, 40.6698
2028.76, 2.33058, 40.6685
2029.34, 2.31248, 40.3764
2029.91, 2.32803, 40.6274
2030.49, 2.32996, 40.6585
2031.06, 2.3298, 40.6559
2031.64, 2.31168, 40.3635
2032.21, 2.32708, 40.612
2032.79, 2.32897, 40.6425
2033.36, 2.32876, 40.6391
2033.94, 2.31065, 40.3468
2034.51, 2.3261, 40.5962
2035.1, 2.3279, 40.6252
2035.68, 2.32777, 40.6232
2036.25, 2.30973, 40.332
2036.83, 2.32511, 40.5802
2037.4, 2.32686, 40.6085
2037.98, 2.29868, 40.1536
2038.55, 2.32435, 40.568
2039.13, 2.32632, 40.5998
2039.7, 2.32619, 40.5977
2040.27, 2.30823, 40.3078
2040.85, 2.32369, 40.5574
2041.44, 2.32555, 40.5873
2042.01, 2.30725, 40.2919
2042.59, 2.3229, 40.5445
2043.16, 2.32491, 40.577
2043.74, 2.30603, 40.2722
2044.32, 2.32223, 40.5337
2044.89, 2.32421, 40.5657
2045.47, 2.30589, 40.2701
2046.04, 2.32238, 40.5362
2046.61, 2.3235, 40.5543
2047.19, 2.30529, 40.2603
2047.76, 2.32066, 40.5085
2048.35, 2.32266, 40.5407
2048.93, 2.30454, 40.2482
2049.5, 2.31996, 40.4971
2050.08, 2.32207, 40.5312
2050.65, 2.30393, 40.2383
2051.23, 2.31937, 40.4875
2051.81, 2.32156, 40.5229
2052.38, 2.30352, 40.2318
2052.97, 2.31909, 40.4831
2053.54, 2.3213, 40.5187
2054.12, 2.30327, 40.2277
2054.69, 2.31886, 40.4793
2055.27, 2.32099, 40.5137
2055.84, 2.30293, 40.2222
2056.42, 2.31843, 40.4724
2056.99, 2.32061, 40.5075
2057.57, 2.30245, 40.2145
2058.14, 2.31792, 40.4641
2058.71, 2.32101, 40.514
2059.29, 2.31991, 40.4962
2059.87, 2.31731, 40.4544
2060.45, 2.31718, 40.4523
2061.03, 2.31699, 40.4492
2061.61, 2.31682, 40.4464
2062.19, 2.31689, 40.4475
2062.77, 2.31702, 40.4496
2063.35, 2.31698, 40.4489
2063.93, 2.31686, 40.4471
2064.5, 2.31667, 40.4439
2065.08, 2.31668, 40.4442
2065.65, 2.31636, 40.439
2066.23, 2.31614, 40.4354
2066.81, 2.31592, 40.4319
2067.38, 2.31568, 40.428
2067.96, 2.31537, 40.4231
2068.54, 2.31508, 40.4183
2069.11, 2.31478, 40.4135
2069.69, 2.31447, 40.4086
2070.26, 2.31431, 40.4059
2070.84, 2.31404, 40.4016
2071.42, 2.31387, 40.3988
2071.99, 2.3136, 40.3945
2072.57, 2.31348, 40.3925
2073.14, 2.31335, 40.3904
2073.72, 2.31311, 40.3866
2074.29, 2.31291, 40.3833
2074.87, 2.31264, 40.3789
2075.44, 2.31239, 40.3749
2076.02, 2.31211, 40.3705
2076.59, 2.31189, 40.3669
2077.16, 2.31158, 40.3619
2077.73, 2.31127, 40.3568
2078.31, 2.3109, 40.3508
2078.89, 2.31063, 40.3465
2079.46, 2.31044, 40.3435
2080.05, 2.31006, 40.3372
2080.62, 2.30971, 40.3316
